;opis;dzielnica;pokoje;cena;metraz;cena_za_metr;link;data;pietro;l_pieter;rok_bud;ulica;lokator_ulica_dzielnica;geo_location;point;latitude;longitude;altitude;geometry;dst_center;vist_dist;trams_dist;cena_za_metr2;parks
0;Atrakcyjny Apartament /ul. Babinicza , Kraków;Kraków , Dębniki, Kliny-Zacisze;2 pokoje;524000.0;64.0;8188.0;https://www.otodom.pl/oferta/atrakcyjny-apartament-ul-babinicza-krakow-ID445Tp.html#332e1d6712;2020-02-10 18:47:33.107162;1.0;2.0;1999.0;Babinicza;Kraków, Kraków , Dębniki, Kliny-Zacisze, Babinicza;Babinicza, Kobierzyn, Swoszowice, Kraków, województwo małopolskie, 30-389, Polska;(50.0011381, 19.899539, 0.0);50.0011381;19.899539;0.0;POINT (564446.0029997233 237482.5115945647);7201;4125.17641762272;2017.2813065398125;8188.0;484.40007028314193
1;SPRZEDAŻ mieszkania 47m2 (Żywiecka) BEZPOŚREDNIO; , Łagiewniki-Borek Fałęcki, Borek Fałęcki;2 pokoje;373000.0;47.0;7936.0;https://www.otodom.pl/oferta/sprzedaz-mieszkania-47m2-zywiecka-bezposrednio-ID43HTR.html#de3f47c1fe;2020-02-22 10:33:37.119939;2.0;3.0;2007.0;Żywiecka; , Łagiewniki-Borek Fałęcki, Borek Fałęcki, Żywiecka;Żywiecka, Borek Fałęcki, Łagiewniki-Borek Fałęcki, Kraków, województwo małopolskie, 30-427, Polska;(50.0144002, 19.9186276, 0.0);50.0144002;19.9186276;0.0;POINT (565795.4463761736 238973.2027133685);5363;3066.6086770287006;583.8993711351666;7936.0;119.26743220271291
2;Przestronne, funkcjonalne 3pok Głowackiego; , Krowodrza;3 pokoje;570000.0;63.32;9002.0;https://www.otodom.pl/oferta/przestronne-funkcjonalne-3pok-glowackiego-ID44Ol6.html#de3f47c1fe;2020-02-22 10:33:47.888246;2.0;4.0;2004.0;Słowackiego; , Krowodrza, Słowackiego;Aleja Juliusza Słowackiego, Kleparz, Krowodrza, Kraków, województwo małopolskie, 30-004, Polska;(50.0735485, 19.9360058, 0.0);50.0735485;19.9360058;0.0;POINT (566957.7834913594 245562.9411296882);1403;2093.462543540922;37.70732057601797;9002.0;136.3936790961927
3;Okazja ! Obozowa - mieszkanie po remoncie 2 pokoje; , Podgórze;2 pokoje;413000.0;51.0;8098.0;https://www.otodom.pl/oferta/okazja-obozowa-mieszkanie-po-remoncie-2-pokoje-ID44Edt.html#de3f47c1fe;2020-02-22 10:34:02.638503;1.0;3.0;2005.0;Obozowa; , Podgórze, Obozowa;Obozowa, Kobierzyn, Łagiewniki-Borek Fałęcki, Delegatura Kraków-Podgórze, Kraków, województwo małopolskie, 30-384, Polska;(50.0162831, 19.9088353, 0.0);50.0162831;19.9088353;0.0;POINT (565091.5527027509 239173.914675843);5391;2591.854167809747;919.6519607362463;8098.0;644.0825350162598
4;Widokowe dwupokojowe z jasną kuchnią Żabiniec; , Prądnik Biały;2 pokoje;480000.0;48.4;9917.0;https://www.otodom.pl/oferta/widokowe-dwupokojowe-z-jasna-kuchnia-zabiniec-ID44ERi.html#de3f47c1fe;2020-02-22 10:34:08.979724;6.0;7.0;2001.0;Żabiniec; , Prądnik Biały, Żabiniec;Żabiniec, Prądnik Biały, Kraków, województwo małopolskie, 31-200, Polska;(50.0851745, 19.9473248, 0.0);50.0851745;19.9473248;0.0;POINT (567751.0951210554 246865.3778822608);2769;3550.730224797943;837.9336980038183;9917.0;235.63692196033858
5;Kawalerka 17m2 ul.Bonerowska/Poczta Główna, Kraków;Kraków , Stare Miasto;1 pokój;277365.0;16.81;16500.0;https://www.otodom.pl/oferta/kawalerka-17m2-ul-bonerowska-poczta-glowna-krakow-ID44GcT.html#de3f47c1fe;2020-02-22 11:37:41.298868;0.0;5.0;1920.0;Główna;Kraków , Stare Miasto, Główna;Poczta Główna, Stare Miasto, Kraków, województwo małopolskie, Polska;(50.059870849999996, 19.94236407317203, 0.0);50.059870849999996;19.94236407317203;0.0;POINT (567431.794458025 244048.390250098);336;934.301199766115;7.643405105987252;16500.0;2.5195849555137877
9;Ruczaj. Grota-Roweckiego. 72m, 4/4. (Z potencjałem;Kraków , Dębniki, Ruczaj;4 pokoje;569000.0;71.46;7962.0;https://www.otodom.pl/oferta/ruczaj-grota-roweckiego-72m-4-4-z-potencjalem-ID44kpG.html#bcc2421ba9;2020-02-22 11:38:23.761437;4.0;4.0;1989.0;Grota-Roweckiego;Kraków , Dębniki, Ruczaj, Grota-Roweckiego;Generała Stefana Grota-Roweckiego, Osiedle Ruczaj-Zaborze, Łagiewniki-Borek Fałęcki, Delegatura Kraków-Podgórze, Kraków, województwo małopolskie, 30-376, Polska;(50.0293477, 19.91197, 0.0);50.0293477;19.91197;0.0;POINT (565298.3461236949 240628.7681384189);3980;1419.9267301065622;55.075755621055826;7962.0;229.7656986405039
10;Felińskiego, 2 pokoje, 38m2;Kraków , Prądnik Biały;2 pokoje;365000.0;38.0;9605.0;https://www.otodom.pl/oferta/felinskiego-2-pokoje-38m2-ID44O7S.html#bcc2421ba9;2020-02-22 11:38:43.761577;1.0;5.0;2013.0;Felińskiego;Kraków , Prądnik Biały, Felińskiego;Arcybiskupa Zygmunta Szczęsnego Felińskiego, Osiedle Gotyk, Prądnik Biały, Kraków, województwo małopolskie, 31-241, Polska;(50.1003129, 19.9670423, 0.0);50.1003129;19.9670423;0.0;POINT (569139.4476888189 248566.0846677488);4838;4659.909551553634;2172.2278421027677;9605.0;587.5751035040578
11;Prądnik Biały 55,5M2 3 Pokoje;Kraków , Prądnik Biały;3 pokoje;600000.0;55.5;10811.0;https://www.otodom.pl/oferta/pradnik-bialy-55-5m2-3-pokoje-ID44O7R.html#bcc2421ba9;2020-02-22 11:38:44.543861;7.0;8.0;2014.0;Prądnicka;Kraków , Prądnik Biały, Prądnicka;Prądnicka, Prądnik Biały, Kraków, województwo małopolskie, 31-202, Polska;(50.0875229, 19.9385333, 0.0);50.0875229;19.9385333;0.0;POINT (567119.0717439586 247118.4659837764);2949;3655.939797525753;473.4070765417071;10811.0;310.36166379018505
12;Żwirki i Wigury, 2 pokoje, 35m2;Kraków , Grzegórzki, Olsza;2 pokoje;387000.0;35.0;11057.0;https://www.otodom.pl/oferta/zwirki-i-wigury-2-pokoje-35m2-ID44O7Q.html#bcc2421ba9;2020-02-22 11:38:45.528649;0.0;1.0;1920.0;Wigury;Kraków , Grzegórzki, Olsza, Wigury;Żwirki i Wigury, Olsza II, Prądnik Czerwony, Kraków, województwo małopolskie, 31-462, Polska;(50.0794421, 19.9722129, 0.0);50.0794421;19.9722129;0.0;POINT (569539.3139024054 246251.0925405584);3189;2347.053973018209;1190.0536305768587;11057.0;820.3520596588546
13;2 pok., 48m2, Czarnogórska, Wola Duchacka, Kraków;Kraków , Podgórze Duchackie, Wola Duchacka;2 pokoje;375000.0;48.0;7813.0;https://www.otodom.pl/oferta/2-pok-48m2-czarnogorska-wola-duchacka-krakow-ID44CXs.html#e7b1ebfb0e;2020-02-22 11:38:51.003845;4.0;4.0;1975.0;Czarnogórska;Kraków , Podgórze Duchackie, Wola Duchacka, Czarnogórska;Czarnogórska, Wola Duchacka Wschód, Podgórze Duchackie, Kraków, województwo małopolskie, 30-630, Polska;(50.0197183, 19.9709187, 0.0);50.0197183;19.9709187;0.0;POINT (569532.9887365557 239611.625416046);5157;3352.633712545747;473.20579365731794;7813.0;174.21269584950625
14;Mieszkanie do odświeżenia, Ogrodniki, Podgórze;Kraków , Podgórze;1 pokój;399000.0;55.2;7228.0;https://www.otodom.pl/oferta/mieszkanie-do-odswiezenia-ogrodniki-podgorze-ID44O78.html#e7b1ebfb0e;2020-02-22 11:38:52.681307;2.0;2.0;1930.0;Ogrodniki;Kraków , Podgórze, Ogrodniki;Ogrodniki, Bonarka, Łagiewniki-Borek Fałęcki, Kraków, województwo małopolskie, 30-404, Polska;(50.0268704, 19.9354851, 0.0);50.0268704;19.9354851;0.0;POINT (566985.480651306 240374.2229871424);3799;1977.3633586724418;278.3867764182394;7228.0;589.9269146608019
15;2-pokoje, po remoncie, Wysłouchów;Kraków , Podgórze Duchackie, Kurdwanów;2 pokoje;375000.0;50.0;7500.0;https://www.otodom.pl/oferta/2-pokoje-po-remoncie-wyslouchow-ID44O77.html#e7b1ebfb0e;2020-02-22 11:38:53.718555;4.0;4.0;2002.0;Wysłouchów;Kraków , Podgórze Duchackie, Kurdwanów, Wysłouchów;Wysłouchów, Marii i Bolesława Wysłouchów, Kurdwanów, Podgórze Duchackie, Kraków, województwo małopolskie, 30-611, Polska;(50.0082278, 19.951703, 0.0);50.0082278;19.951703;0.0;POINT (568173.1214385193 238316.7762070829);5949;4069.8319118585837;551.6011574693995;7500.0;233.7280414227239
16;3-pokoje po remoncie, ul. Sucha, Łagiewniki;Kraków , Łagiewniki-Borek Fałęcki;3 pokoje;550000.0;74.0;7432.0;https://www.otodom.pl/oferta/3-pokoje-po-remoncie-ul-sucha-lagiewniki-ID44O5G.html#e7b1ebfb0e;2020-02-22 11:38:58.083452;4.0;4.0;1998.0;Sucha;Kraków , Łagiewniki-Borek Fałęcki, Sucha;Sucha, Łagiewniki, Łagiewniki-Borek Fałęcki, Kraków, województwo małopolskie, 30-420, Polska;(50.0235619, 19.9352619, 0.0);50.0235619;19.9352619;0.0;POINT (566974.0990997 240006.2861540318);4168;2342.3129026256147;148.11340070565282;7432.0;634.8911341882074
17;Bezpośrednio sprzedam Kazimierz. 3 pokoje 60m2;Kraków , Stare Miasto, Kazimierz;3 pokoje;699000.0;60.0;11650.0;https://www.otodom.pl/oferta/bezposrednio-sprzedam-kazimierz-3-pokoje-60m2-ID43yTF.html#e7b1ebfb0e;2020-02-22 11:38:59.497630;3.0;3.0;1932.0;Kazimierza;Kraków , Stare Miasto, Kazimierz, Kazimierza;Apartamenty Sekret Kazimierza, 34, Józefa, Kazimierz, Stare Miasto, Kraków, województwo małopolskie, 31-056, Polska;(50.0512307, 19.9469375, 0.0);50.0512307;19.9469375;0.0;POINT (567771.2149040747 243092.1779909022);1260;395.91643450410254;147.83821203222706;11650.0;247.46828570706563
18;Bronowice mieszkanie 58m2 nowe gotowe+ogród;Kraków , Bronowice;3 pokoje;579000.0;58.0;9983.0;https://www.otodom.pl/oferta/bronowice-mieszkanie-58m2-nowe-gotowe-ogrod-ID42frY.html#51e2ab8c8f;2020-02-22 11:39:20.249542;0.0;1.0;2017.0;Bronowicka;Kraków , Bronowice, Bronowicka;Bronowicka, Stara Krowodrza, Bronowice, Delegatura Kraków-Krowodrza, Kraków, województwo małopolskie, 30-084, Polska;(50.0769526, 19.9030181, 0.0);50.0769526;19.9030181;0.0;POINT (564593.4482024474 245912.2633061446);3063;2862.8240075751514;45.054185850109505;9983.0;311.3351861175156
19;*Świetny układDla rodziny lub inwestycja!Roi 6,2%;Kraków , Krowodrza;4 pokoje;679000.0;90.97;7464.0;https://www.otodom.pl/oferta/swietny-ukladdla-rodziny-lub-inwestycja-roi-6-2-ID44EDb.html#51e2ab8c8f;2020-02-22 11:39:26.107296;4.0;4.0;1997.0;Rodziny;Kraków , Krowodrza, Rodziny;Katolickie Szkoły im.Świętej Rodziny z Nazaretu, Pędzichów, Kleparz, Stare Miasto, Kraków, województwo małopolskie, 31-152, Polska;(50.06999585, 19.94018479506805, 0.0);50.06999585;19.94018479506805;0.0;POINT (567261.6953024454 245171.8180097351);1012;1789.827153318382;192.8605204901835;7464.0;66.27177617369476
20;Mieszkanie, Grzegórzki 66m2.;Kraków , Grzegórzki;2 pokoje;699000.0;66.0;10591.0;https://www.otodom.pl/oferta/mieszkanie-grzegorzki-66m2-ID44LgR.html#51e2ab8c8f;2020-02-22 11:39:29.668988;2.0;2.0;1920.0;Grzegórzecka;Kraków , Grzegórzki, Grzegórzecka;Grzegórzecka, Wesoła, Grzegórzki, Kraków, województwo małopolskie, 31532, Polska;(50.0587885, 19.9500605, 0.0);50.0587885;19.9500605;0.0;POINT (567984.0407130375 243935.0611747131);895;906.0267231747379;85.62686523419335;10591.0;17.520544293030234
21;Piękne mieszkanie do sprzedaży ul Anieli Krzywoń;Kraków , Prądnik Czerwony;2 pokoje;530000.0;41.0;12927.0;https://www.otodom.pl/oferta/piekne-mieszkanie-do-sprzedazy-ul-anieli-krzywon-ID44NZE.html#51e2ab8c8f;2020-02-22 11:39:30.545680;1.0;3.0;2019.0;Krzywoń;Kraków , Prądnik Czerwony, Krzywoń;Anieli Krzywoń, Rakowice, Prądnik Czerwony, Kraków, województwo małopolskie, 31-464, Polska;(50.0772372, 19.9747414, 0.0);50.0772372;19.9747414;0.0;POINT (569723.3643069119 246008.3749718172);3184;2052.020921084729;889.2447040808227;12927.0;883.4495282735514
22;Apartament ***** Wiślane Tarasy 2.0 - Grzegórzecka;Kraków , Grzegórzki;3 pokoje;1190000.0;60.0;19833.0;https://www.otodom.pl/oferta/apartament-wislane-tarasy-2-0-grzegorzecka-ID44gQV.html#51e2ab8c8f;2020-02-22 11:39:32.926092;2.0;8.0;2019.0;Wiślana;Kraków , Grzegórzki, Wiślana;Mierzeja Wiślana, Mały Płaszów, Podgórze, Kraków, województwo małopolskie, 30-716, Polska;(50.038134, 20.0042085, 0.0);50.038134;20.0042085;0.0;POINT (571889.5218590654 241689.9986086423);5368;859.5381344545566;289.27065938745534;19833.0;459.4181209575066
23;3 pok mieszkanie w Dębnikach 58 mkw za 360 000 zł!;Kraków , Dębniki;3 pokoje;360000.0;58.0;6207.0;https://www.otodom.pl/oferta/3-pok-mieszkanie-w-debnikach-58-mkw-za-360-000-zl-ID44NZd.html#51e2ab8c8f;2020-02-22 11:39:38.359965;2.0;2.0;2006.0;Dębnicka;Kraków , Dębniki, Dębnicka;Dębnicka, Dębniki, Delegatura Kraków-Podgórze, Kraków, województwo małopolskie, 30-324, Polska;(50.0486355, 19.9229271, 0.0);50.0486355;19.9229271;0.0;POINT (566056.4070851903 242782.2246920913);1746;323.7293549133915;273.35060119120766;6207.0;338.1366953579869
24;4 pok mieszkanie w Dębnikach 85 mkw za 590 000 zł!;Kraków , Podgórze;4 pokoje;590000.0;85.0;6941.0;https://www.otodom.pl/oferta/4-pok-mieszkanie-w-debnikach-85-mkw-za-590-000-zl-ID44NZc.html#51e2ab8c8f;2020-02-22 11:39:39.793804;1.0;4.0;1970.0;Dębnicka;Kraków , Podgórze, Dębnicka;Dębnicka, Dębniki, Delegatura Kraków-Podgórze, Kraków, województwo małopolskie, 30-324, Polska;(50.0486355, 19.9229271, 0.0);50.0486355;19.9229271;0.0;POINT (566056.4070851903 242782.2246920913);1746;323.7293549133915;273.35060119120766;6941.0;338.1366953579869
25;Ładne mieszkanie 56 mkw przy Parku Wyspiańskiego!;Kraków , Krowodrza;5 pokoi;519000.0;56.0;9268.0;https://www.otodom.pl/oferta/ladne-mieszkanie-56-mkw-przy-parku-wyspianskiego-ID44NZ8.html#51e2ab8c8f;2020-02-22 11:39:41.702460;9.0;10.0;1980.0;Wyspiańskiego;Kraków , Krowodrza, Wyspiańskiego;Stanisława Wyspiańskiego, Nowa Wieś, Krowodrza, Kraków, województwo małopolskie, 30-035, Polska;(50.0729261, 19.9254295, 0.0);50.0729261;19.9254295;0.0;POINT (566202.0695347141 245484.3358220262);1601;2013.4002453154624;372.01195058141553;9268.0;99.39280570346979
26;Kazimierz | Sprzedaż mieszkań na krótki wynajem;Kraków , Stare Miasto, Kazimierz;1 pokój;563070.37;23.43;24032.0;https://www.otodom.pl/oferta/kazimierz-sprzedaz-mieszkan-na-krotki-wynajem-ID44z5G.html#51e2ab8c8f;2020-02-22 11:39:43.323986;3.0;4.0;2019.0;Kazimierza;Kraków , Stare Miasto, Kazimierz, Kazimierza;Apartamenty Sekret Kazimierza, 34, Józefa, Kazimierz, Stare Miasto, Kraków, województwo małopolskie, 31-056, Polska;(50.0512307, 19.9469375, 0.0);50.0512307;19.9469375;0.0;POINT (567771.2149040747 243092.1779909022);1260;395.91643450410254;147.83821203222706;24032.0;247.46828570706563
27;Atrakcyjna kawalerka z tarasem, ul. Sosnowiecka;Kraków , Prądnik Biały, Bronowice Wielkie;1 pokój;362000.0;33.16;10917.0;https://www.otodom.pl/oferta/atrakcyjna-kawalerka-z-tarasem-ul-sosnowiecka-ID44KuW.html#51e2ab8c8f;2020-02-22 11:39:47.517850;2.0;3.0;2016.0;Sosnowiecka;Kraków , Prądnik Biały, Bronowice Wielkie, Sosnowiecka;Sosnowiecka, Bronowice Wielkie, Bronowice, Delegatura Kraków-Krowodrza, Kraków, województwo małopolskie, 31-345, Polska;(50.092531, 19.8931526, 0.0);50.092531;19.8931526;0.0;POINT (563867.0684092317 247635.3261533063);4747;4707.681125271874;1266.1470601348715;10917.0;483.50074575577275
28;Przytulne dwa pokoje z ogródkiem, Rakowicka 35m2;Kraków , Stare Miasto;2 pokoje;512000.0;35.0;14629.0;https://www.otodom.pl/oferta/przytulne-dwa-pokoje-z-ogrodkiem-rakowicka-35m2-ID44d0h.html#51e2ab8c8f;2020-02-22 11:39:48.778480;0.0;4.0;2018.0;Rakowicka;Kraków , Stare Miasto, Rakowicka;Rakowicka, Warszawskie, Grzegórzki, Delegatura Kraków-Śródmieście, Kraków, województwo małopolskie, 31-520, Polska;(50.0751438, 19.9577519, 0.0);50.0751438;19.9577519;0.0;POINT (568511.1065507758 245759.9750759406);2112;2440.0632193654255;102.36682601454073;14629.0;1018.4790260068435
29;Mieszkanie 46m Adama Bochenka od WŁAŚCICIELA;Kraków , Podgórze Duchackie, Piaski Wielkie;3 pokoje;446000.0;46.0;9696.0;https://www.otodom.pl/oferta/mieszkanie-46m-adama-bochenka-od-wlasciciela-ID44FtY.html#a4ecda7d5f;2020-02-22 11:39:52.762952;10.0;11.0;2019.0;Bochenka;Kraków , Podgórze Duchackie, Piaski Wielkie, Bochenka;Bochenka N/Ż, Łużycka, Podgórze Duchackie, Kraków, województwo małopolskie, 30-658, Polska;(50.0102723, 19.9711669, 0.0);50.0102723;19.9711669;0.0;POINT (569564.4003208186 238561.9453801522);6118;4277.010087444917;576.2059701811912;9696.0;145.00688253461263
30;3 pokoje/Prądnik Biały/ Banacha/ Nowe-wykończone;Kraków , Prądnik Biały;3 pokoje;470000.0;51.5;9126.0;https://www.otodom.pl/oferta/3-pokoje-pradnik-bialy-banacha-nowe-wykonczone-ID44GVg.html#a4ecda7d5f;2020-02-22 11:39:54.212195;1.0;5.0;2019.0;Banacha;Kraków , Prądnik Biały, Banacha;Banacha, Aleja 29 Listopada, Górka Narodowa, Prądnik Biały, Kraków, województwo małopolskie, 31-236, Polska;(50.1015333, 19.9641367, 0.0);50.1015333;19.9641367;0.0;POINT (568929.9616772018 248699.0465558404);4878;4851.716069526532;2409.138400252513;9126.0;813.7722570097226
31;Bieńczyce - 3 pokoje do wejścia, balkon;Kraków , Bieńczyce;3 pokoje;385000.0;45.0;8556.0;https://www.otodom.pl/oferta/bienczyce-3-pokoje-do-wejscia-balkon-ID44NYd.html#a4ecda7d5f;2020-02-22 11:39:55.207607;9.0;10.0;1980.0;Bieńczycka;Kraków , Bieńczyce, Bieńczycka;Bieńczycka, Osiedle Drugiego Pułku Lotniczego, Bieńczyce, Delegatura Kraków-Nowa Huta, Kraków, województwo małopolskie, 31-944, Polska;(50.0786883, 20.0258597, 0.0);50.0786883;20.0258597;0.0;POINT (573377.5804436035 246218.6255630124);6572;2276.124667493077;60.449609616300336;8556.0;118.74377868942673
32;4 pok 163m2 Kobierzyńska/ Ruczaj 798.000,-;Kraków , Dębniki, Ruczaj;4 pokoje;790000.0;163.0;4847.0;https://www.otodom.pl/oferta/4-pok-163m2-kobierzynska-ruczaj-798-000-ID3Rjnq.html#a4ecda7d5f;2020-02-22 11:39:59.983839;4.0;5.0;1998.0;Kobierzyńska;Kraków , Dębniki, Ruczaj, Kobierzyńska;Kobierzyńska, Osiedle Ruczaj-Zaborze, Łagiewniki-Borek Fałęcki, Delegatura Kraków-Podgórze, Kraków, województwo małopolskie, 30-343, Polska;(50.0293863, 19.9185049, 0.0);50.0293863;19.9185049;0.0;POINT (565766.1945891131 240638.7870270088);3781;1751.7433864618272;301.4267608670499;5000.0;89.63419603138232
33;60 m2 Prądnik Biały po generalnym remoncie;Kraków , Prądnik Biały;2 pokoje;499000.0;54.9;9089.0;https://www.otodom.pl/oferta/60-m2-pradnik-bialy-po-generalnym-remoncie-ID44DFX.html#a4ecda7d5f;2020-02-22 11:40:04.987675;10.0;11.0;1992.0;Prądnicka;Kraków , Prądnik Biały, Prądnicka;Prądnicka, Prądnik Biały, Kraków, województwo małopolskie, 31-202, Polska;(50.0875229, 19.9385333, 0.0);50.0875229;19.9385333;0.0;POINT (567119.0717439586 247118.4659837764);2949;3655.939797525753;473.4070765417071;9089.0;310.36166379018505
34;Kawalerka inwestycyjna - Retoryka - 32m2;Kraków , Stare Miasto;1 pokój;464000.0;32.0;14500.0;https://www.otodom.pl/oferta/kawalerka-inwestycyjna-retoryka-32m2-ID42G8S.html#a4ecda7d5f;2020-02-22 11:40:10.175340;1.0;2.0;1896.0;Retoryka;Kraków , Stare Miasto, Retoryka;Retoryka, Nowy Świat, Stare Miasto, Kraków, województwo małopolskie, 31-100, Polska;(50.0580096, 19.9284227, 0.0);50.0580096;19.9284227;0.0;POINT (566436.7914722664 243829.0247966191);760;345.10298402544396;260.7409429195169;14500.0;3.4588379079115223
35;Kawalerka, 4/4 , 26m Strusia Bieńczyce Kraków;Kraków , Bieńczyce;1 pokój;266000.0;26.0;10231.0;https://www.otodom.pl/oferta/kawalerka-4-4-26m-strusia-bienczyce-krakow-ID44AwD.html#a4ecda7d5f;2020-02-22 11:40:15.382027;4.0;4.0;1970.0;Strusia;Kraków , Bieńczyce, Strusia;Osiedle Józefa Strusia, Bieńczyce, Kraków, województwo małopolskie, Polska;(50.08848715, 20.009869196375526, 0.0);50.08848715;20.009869196375526;0.0;POINT (572219.1093478991 247292.180990384);5970;3390.848332003769;603.1625606239824;10231.0;48.926647385904715
36;Apartament 4 pokoje garaż Norymberska Zakrzówek;Kraków , Podgórze;4 pokoje;780000.0;93.09;8379.0;https://www.otodom.pl/oferta/apartament-4-pokoje-garaz-norymberska-zakrzowek-ID44NUX.html#a4ecda7d5f;2020-02-22 11:40:22.240768;3.0;4.0;2009.0;Norymberska;Kraków , Podgórze, Norymberska;Norymberska, Osiedle Ruczaj-Zaborze, Łagiewniki-Borek Fałęcki, Delegatura Kraków-Podgórze, Kraków, województwo małopolskie, 30-358, Polska;(50.0303992, 19.912374, 0.0);50.0303992;19.912374;0.0;POINT (565325.8462536619 240745.9946237197);3863;1352.9682613231323;62.33415572853188;8379.0;214.4964309512574
37;2 pokoje, 50,5 m2, os. Słoneczne;Kraków , Nowa Huta;2 pokoje;369000.0;50.0;7380.0;https://www.otodom.pl/oferta/2-pokoje-50-5-m2-os-sloneczne-ID44LFq.html#a4ecda7d5f;2020-02-22 11:40:30.433993;1.0;3.0;1953.0;Słoneczne;Kraków , Nowa Huta, Słoneczne;Osiedle Słoneczne, Nowa Huta, Delegatura Kraków-Nowa Huta, Kraków, województwo małopolskie, 31-956, Polska;(50.0776057, 20.0420898, 0.0);50.0776057;20.0420898;0.0;POINT (574540.1416298144 246114.3636779059);7655;2657.0234996404183;452.7651488381776;7380.0;177.07051565964417
38;W pełni wyposażone mieszkanie 5 pokoi ul.Łokietka;Kraków , Krowodrza;5 pokoi;519000.0;56.4;9202.0;https://www.otodom.pl/oferta/w-pelni-wyposazone-mieszkanie-5-pokoi-ul-lokietka-ID44NRu.html#a4ecda7d5f;2020-02-22 11:40:32.225735;9.0;10.0;1983.0;Łokietka;Kraków , Krowodrza, Łokietka;Łokietka, Władysława Łokietka, Azory, Prądnik Biały, Kraków, województwo małopolskie, 31-279, Polska;(50.085377, 19.9235123, 0.0);50.085377;19.9235123;0.0;POINT (566047.8126358264 246866.5586777506);2901;3402.5943313146036;663.6541712932019;9202.0;113.2277849659448
39;Słoneczne mieszkanie z tarasem i własnym ogródkiem;Kraków , Swoszowice;2 pokoje;450000.0;51.43;8750.0;https://www.otodom.pl/oferta/sloneczne-mieszkanie-z-tarasem-i-wlasnym-ogrodkiem-ID44E2W.html#5a3ac0e744;2020-02-22 11:40:39.446792;0.0;2.0;2009.0;Słoneczne;Kraków , Swoszowice, Słoneczne;FUP Kraków 11, Wojciecha Marii Bartla, Kobierzyn, Dębniki, Delegatura Kraków-Podgórze, Kraków, województwo małopolskie, 30-389, Polska;(49.9988969, 19.8958089, 0.0);49.9988969;19.8958089;0.0;POINT (564181.7536297874 237230.1971481992);7535;4350.472252853148;2176.336886083085;8750.0;841.3012942583914
40;Apartament M4 z ogrodem 126m2 Grzegórzki;Kraków , Śródmieście;4 pokoje;890000.0;67.0;13284.0;https://www.otodom.pl/oferta/apartament-m4-z-ogrodem-126m2-grzegorzki-ID44p9T.html#5a3ac0e744;2020-02-22 11:40:52.654895;0.0;4.0;2018.0;Grzegórzecka;Kraków , Śródmieście, Grzegórzecka;Grzegórzecka, Grzegórzki, Kraków, województwo małopolskie, 31-530, Polska;(50.0584904, 19.9484655, 0.0);50.0584904;19.9484655;0.0;POINT (567870.3287445118 243900.4775479082);798;942.8570132463215;33.29784480501735;13284.0;51.724834328637435
41;Nowe 1 pok. mieszkanie Bronowice;Kraków , Bronowice, Bronowice Małe;1 pokój;390000.0;28.2;13830.0;https://www.otodom.pl/oferta/nowe-1-pok-mieszkanie-bronowice-ID44iWY.html#5a3ac0e744;2020-02-22 11:41:00.219968;3.0;3.0;2018.0;Bronowicka;Kraków , Bronowice, Bronowice Małe, Bronowicka;Bronowicka, Bronowice Małe, Bronowice, Delegatura Kraków-Krowodrza, Kraków, województwo małopolskie, 30-139, Polska;(50.0816928, 19.8902943, 0.0);50.0816928;19.8902943;0.0;POINT (563677.0404730459 246428.2142655198);4109;3628.7834268830347;58.950915358767816;13830.0;525.168656991312
42;1 -pok mieszkanie na Kazimierzu;Kraków , Stare Miasto, Kazimierz;1 pokój;420000.0;32.1;13084.0;https://www.otodom.pl/oferta/1-pok-mieszkanie-na-kazimierzu-ID448S3.html#5a3ac0e744;2020-02-22 11:41:03.129262;3.0;4.0;1931.0;Kazimierza;Kraków , Stare Miasto, Kazimierz, Kazimierza;Apartamenty Sekret Kazimierza, 34, Józefa, Kazimierz, Stare Miasto, Kraków, województwo małopolskie, 31-056, Polska;(50.0512307, 19.9469375, 0.0);50.0512307;19.9469375;0.0;POINT (567771.2149040747 243092.1779909022);1260;395.91643450410254;147.83821203222706;13084.0;247.46828570706563
43;2 osobne pokoje Widok, Al. Pokoju - 44,4m2 balkon;Kraków , Grzegórzki, Dąbie;2 pokoje;435000.0;44.4;9797.0;https://www.otodom.pl/oferta/2-osobne-pokoje-widok-al-pokoju-44-4m2-balkon-ID43qgm.html#5a3ac0e744;2020-02-22 11:41:07.776656;4.0;4.0;1970.0;Widok;Kraków , Grzegórzki, Dąbie, Widok;Widok, Dąbie, Grzegórzki, Kraków, województwo małopolskie, 31-567, Polska;(50.0573772, 19.9789268, 0.0);50.0573772;19.9789268;0.0;POINT (570051.6640617081 243804.857423231);2949;172.22589710888195;310.66360500964095;9797.0;10.174040129593857
44;Mieszkanie - Kraków Grzegórzki;Kraków , Grzegórzki;2 pokoje;445055.0;44.51;9999.0;https://www.otodom.pl/oferta/mieszkanie-krakow-grzegorzki-ID44DxT.html#eace19cb28;2020-02-22 11:41:12.847467;2.0;14.0;2021.0;Grzegórzecka;Kraków , Grzegórzki, Grzegórzecka;Grzegórzecka, Wesoła, Grzegórzki, Kraków, województwo małopolskie, 31532, Polska;(50.0587885, 19.9500605, 0.0);50.0587885;19.9500605;0.0;POINT (567984.0407130375 243935.0611747131);895;906.0267231747379;85.62686523419335;9999.0;17.520544293030234
45;2 osobne pokoje osobna kuchnia Kazimierz;Kraków , Stare Miasto;2 pokoje;599000.0;40.0;14975.0;https://www.otodom.pl/oferta/2-osobne-pokoje-osobna-kuchnia-kazimierz-ID43Yyv.html#eace19cb28;2020-02-22 11:41:14.580019;0.0;3.0;1928.0;Kazimierza;Kraków , Stare Miasto, Kazimierza;Kościół pw. Świętego Kazimierza Królewicza, 4, Reformacka, Stare Miasto, Kraków, województwo małopolskie, 31-012, Polska;(50.0648696, 19.936230887154693, 0.0);50.0648696;19.936230887154693;0.0;POINT (566985.9733360073 244598.4836738249);448;1158.4511780145535;228.73946884946844;14975.0;38.43453333507246
46;Meissnera 3 pok 59m2 od strony skweru;Kraków , małopolskie;3 pokoje;539000.0;59.3;9089.0;https://www.otodom.pl/oferta/meissnera-3-pok-59m2-od-strony-skweru-ID44h4p.html#eace19cb28;2020-02-22 11:41:15.963007;2.0;10.0;1970.0;Meissnera;Kraków , małopolskie, Meissnera;Meissnera, Wieczysta, Prądnik Czerwony, Kraków, województwo małopolskie, Polska;(50.0747583, 19.979541765513375, 0.0);50.0747583;19.979541765513375;0.0;POINT (570070.3419826203 245737.3370362194);3336;1683.0592439948098;451.449130515065;9089.0;463.4988817307969
47;Rozkładowe 2 pokojowe na os. Krowodrza Górka;Kraków , Prądnik Biały;2 pokoje;364900.0;38.0;9603.0;https://www.otodom.pl/oferta/rozkladowe-2-pokojowe-na-os-krowodrza-gorka-ID44NM0.html#eace19cb28;2020-02-22 11:41:16.827498;5.0;10.0;1975.0;Góra;Kraków , Prądnik Biały, Góra;"Schron amunicyjny ""Łysa Góra"", Węgrzecka, Górka Narodowa, Prądnik Biały, Kraków, województwo małopolskie, 31-242, Polska";(50.105246, 19.96920205268595, 0.0);50.105246;19.96920205268595;0.0;POINT (569286.7417427578 249116.4023994775);5400;5150.638415606395;2237.8310661863047;9603.0;964.7822261926888
48;2 pokojowe 40 m2 z balkonem w Bieńczycach;Kraków , Bieńczyce;2 pokoje;349000.0;42.0;8310.0;https://www.otodom.pl/oferta/2-pokojowe-40-m2-z-balkonem-w-bienczycach-ID44NIH.html#eace19cb28;2020-02-22 11:41:31.544194;9.0;10.0;1975.0;Bieńczycka;Kraków , Bieńczyce, Bieńczycka;Bieńczycka, Osiedle Drugiego Pułku Lotniczego, Bieńczyce, Delegatura Kraków-Nowa Huta, Kraków, województwo małopolskie, 31-944, Polska;(50.0786883, 20.0258597, 0.0);50.0786883;20.0258597;0.0;POINT (573377.5804436035 246218.6255630124);6572;2276.124667493077;60.449609616300336;8310.0;118.74377868942673
49;Rondo Mogilskie - 5 kawalerek w jednym budynku.;Kraków , Grzegórzki;5 pokoi;1599000.0;150.0;10660.0;https://www.otodom.pl/oferta/rondo-mogilskie-5-kawalerek-w-jednym-budynku-ID44gJl.html#eace19cb28;2020-02-22 11:41:35.940606;1.0;2.0;1910.0;Mogilska;Kraków , Grzegórzki, Mogilska;Mogilska, Osiedle Oficerskie, Grzegórzki, Kraków, województwo małopolskie, 31-546, Polska;(50.0666451, 19.9682576, 0.0);50.0666451;19.9682576;0.0;POINT (569274.8436000848 244825.0336722834);2249;1363.9372103446012;57.127941486553645;10660.0;1106.9282941296922
50;Ul.Głowackiego ekskluzywny apartament, właściciel;Kraków , Krowodrza;2 pokoje;585000.0;47.0;12447.0;https://www.otodom.pl/oferta/ul-glowackiego-ekskluzywny-apartament-wlasciciel-ID43OZe.html#a613ca9287;2020-02-22 11:41:45.178225;3.0;5.0;2018.0;Głowackiego;Kraków , Krowodrza, Głowackiego;Głowackiego, Łobzów, Krowodrza, Kraków, województwo małopolskie, Polska;(50.0758896, 19.90565730000001, 0.0);50.0758896;19.90565730000001;0.0;POINT (564783.6614620715 245796.3959074207);2841;2717.4592660120265;13.491992513018625;12447.0;109.00326854215912
51;Dębniki, 3pok, taras, widok na Wawel;Kraków , Dębniki;3 pokoje;899000.0;79.4;11322.0;https://www.otodom.pl/oferta/debniki-3pok-taras-widok-na-wawel-ID42dEB.html#a613ca9287;2020-02-22 11:41:48.919043;6.0;8.0;2020.0;Dębnicki;Kraków , Dębniki, Dębnicki;Park Dębnicki, Dębniki, Łagiewniki-Borek Fałęcki, Delegatura Kraków-Podgórze, Kraków, województwo małopolskie, Polska;(50.0495234, 19.91693092494888, 0.0);50.0495234;19.91693092494888;0.0;POINT (565626.040058322 242875.6318850024);1973;147.50905019145674;346.35659507003743;11322.0;0.0
52;2 pok z osobną kuchnią ul. Starowiślna.;Kraków , Stare Miasto;2 pokoje;595000.0;45.8;12991.0;https://www.otodom.pl/oferta/2-pok-z-osobna-kuchnia-ul-starowislna-ID449Bi.html#a613ca9287;2020-02-22 11:41:55.536208;4.0;4.0;1920.0;Starowiślna;Kraków , Stare Miasto, Starowiślna;Starowiślna, Kazimierz, Stare Miasto, Kraków, województwo małopolskie, 31-038, Polska;(50.0560672, 19.9457877, 0.0);50.0560672;19.9457877;0.0;POINT (567682.1226694608 243628.7109473413);781;861.0404787494102;113.87371199977093;12991.0;27.759877419055606
53;Pilnie sprzedam 3 pokojowe. Bohaterów Września;Kraków , Nowa Huta;3 pokoje;365000.0;54.95;6642.0;https://www.otodom.pl/oferta/pilnie-sprzedam-3-pokojowe-bohaterow-wrzesnia-ID44LHV.html#a613ca9287;2020-02-22 11:42:02.301138;4.0;4.0;1980.0;Września;Kraków , Nowa Huta, Września;Urząd Skarbowy Kraków - Nowa Huta, 80, Osiedle Bohaterów Września, Mistrzejowice, Kraków, województwo małopolskie, 31-621, Polska;(50.1044948, 20.0116364, 0.0);50.1044948;20.0116364;0.0;POINT (572321.3837846142 249073.1417173371);7141;5130.2892747281585;271.3770784876859;6642.0;407.76151998725186
54;2 pok (oddzielne) 35 m2 Grzegórzki;Kraków , Grzegórzki;2 pokoje;399900.0;33.0;12118.0;https://www.otodom.pl/oferta/2-pok-oddzielne-35-m2-grzegorzki-ID44vUP.html#a613ca9287;2020-02-22 11:42:06.586873;1.0;4.0;1965.0;Grzegórzecka;Kraków , Grzegórzki, Grzegórzecka;Grzegórzecka, Wesoła, Grzegórzki, Kraków, województwo małopolskie, 31532, Polska;(50.0587885, 19.9500605, 0.0);50.0587885;19.9500605;0.0;POINT (567984.0407130375 243935.0611747131);895;906.0267231747379;85.62686523419335;12118.0;17.520544293030234
55;Krowodrza | Róg Wrocławska - Prądnicka | 2 Pok.;Kraków , Krowodrza;2 pokoje;399000.0;35.8;11145.0;https://www.otodom.pl/oferta/krowodrza-rog-wroclawska-pradnicka-2-pok-ID44NEi.html#a613ca9287;2020-02-22 11:42:11.981914;1.0;3.0;1937.0;Wrocławska;Kraków , Krowodrza, Wrocławska;Wrocławska, Stara Krowodrza, Krowodrza, Kraków, województwo małopolskie, 30-017, Polska;(50.0808192, 19.9179102, 0.0);50.0808192;19.9179102;0.0;POINT (565653.3926503791 246355.0193398139);2629;2988.141498126569;882.5825433040441;11145.0;395.7575884017842
56;Kawalerka do remontu, dz. Bieńczyce;Kraków , Bieńczyce;1 pokój;229000.0;26.0;8808.0;https://www.otodom.pl/oferta/kawalerka-do-remontu-dz-bienczyce-ID44ND8.html#a613ca9287;2020-02-22 11:42:17.090248;2.0;4.0;1967.0;Bieńczycka;Kraków , Bieńczyce, Bieńczycka;Bieńczycka, Osiedle Drugiego Pułku Lotniczego, Bieńczyce, Delegatura Kraków-Nowa Huta, Kraków, województwo małopolskie, 31-944, Polska;(50.0786883, 20.0258597, 0.0);50.0786883;20.0258597;0.0;POINT (573377.5804436035 246218.6255630124);6572;2276.124667493077;60.449609616300336;8808.0;118.74377868942673
57;Mistrzejowice Os. Tysiąclecia 60 m2 3 pokojowe;Kraków , Nowa Huta;3 pokoje;490000.0;60.0;8167.0;https://www.otodom.pl/oferta/mistrzejowice-os-tysiaclecia-60-m2-3-pokojowe-ID44NCi.html#1797ff2c09;2020-02-22 11:42:46.714270;1.0;4.0;1971.0;Mistrzejowicka;Kraków , Nowa Huta, Mistrzejowicka;Mistrzejowicka, Mistrzejowice, Kraków, województwo małopolskie, 31-638, Polska;(50.094553, 20.0276976, 0.0);50.094553;20.0276976;0.0;POINT (573484.7766830483 247983.7896609353);7409;4036.62232110074;669.8499271157251;8167.0;808.2922497731884
58;Mieszkanie Kraków, Górka Narodowa, 2 pokoje.;Kraków , Prądnik Biały, Górka Narodowa;2 pokoje;414450.0;46.05;9000.0;https://www.otodom.pl/oferta/mieszkanie-krakow-gorka-narodowa-2-pokoje-ID44tBh.html#83328eeb52;2020-02-22 11:42:54.700930;0.0;3.0;2004.0;Góra;Kraków , Prądnik Biały, Górka Narodowa, Góra;"Schron amunicyjny ""Łysa Góra"", Węgrzecka, Górka Narodowa, Prądnik Biały, Kraków, województwo małopolskie, 31-242, Polska";(50.105246, 19.96920205268595, 0.0);50.105246;19.96920205268595;0.0;POINT (569286.7417427578 249116.4023994775);5400;5150.638415606395;2237.8310661863047;9000.0;964.7822261926888
59;Apartament 35 m2/wysoki standard/Stare Dębniki;Kraków , Dębniki;2 pokoje;626500.0;35.0;17900.0;https://www.otodom.pl/oferta/apartament-35-m2-wysoki-standard-stare-debniki-ID44G11.html#83328eeb52;2020-02-22 11:42:57.022306;1.0;2.0;1920.0;Dębnicki;Kraków , Dębniki, Dębnicki;Park Dębnicki, Dębniki, Łagiewniki-Borek Fałęcki, Delegatura Kraków-Podgórze, Kraków, województwo małopolskie, Polska;(50.0495234, 19.91693092494888, 0.0);50.0495234;19.91693092494888;0.0;POINT (565626.040058322 242875.6318850024);1973;147.50905019145674;346.35659507003743;17900.0;0.0
60;Duże dwupoziomowe mieszkanie na ul. Tarnowskiego;Kraków , Podgórze;4 pokoje;750000.0;90.0;8333.0;https://www.otodom.pl/oferta/duze-dwupoziomowe-mieszkanie-na-ul-tarnowskiego-ID43sKY.html#83328eeb52;2020-02-22 11:43:09.701364;3.0;3.0;2003.0;Janowskiego;Kraków , Podgórze, Janowskiego;Jana Janowskiego, Kliny Zacisze, Łagiewniki-Borek Fałęcki, Delegatura Kraków-Podgórze, Kraków, województwo małopolskie, 30-442, Polska;(50.0062219, 19.9127677, 0.0);50.0062219;19.9127677;0.0;POINT (565386.8411111329 238059.0532754911);6352;3742.6856096633287;1253.6603270097626;8333.0;395.33717087291757
61;Przestronny apartament dla rodziny;Kraków , Dębniki;4 pokoje;959000.0;120.0;7992.0;https://www.otodom.pl/oferta/przestronny-apartament-dla-rodziny-ID448M4.html#83328eeb52;2020-02-22 11:43:10.934684;4.0;4.0;2000.0;Rodziny;Kraków , Dębniki, Rodziny;"Przychodnia Zdrowia Rodziny ""Pro Humana Vita"", Wacława Lipińskiego, Osiedle Ruczaj-Zaborze, Łagiewniki-Borek Fałęcki, Delegatura Kraków-Podgórze, Kraków, województwo małopolskie, 30-349, Polska";(50.0269954, 19.9228991, 0.0);50.0269954;19.9228991;0.0;POINT (566084.1012761064 240376.9152774606);3932;2163.612010186836;441.19253655320585;7992.0;279.4320895112634
62;3 pokoje na Zabłociu;Kraków , Podgórze, Zabłocie;3 pokoje;997000.0;75.0;13293.0;https://www.otodom.pl/oferta/3-pokoje-na-zablociu-ID44njI.html#83328eeb52;2020-02-22 11:43:11.741901;3.0;7.0;2014.0;Zabłocie;Kraków , Podgórze, Zabłocie, Zabłocie;Zabłocie, Podgórze, Delegatura Kraków-Podgórze, Kraków, województwo małopolskie, 30-701, Polska;(50.0504146, 19.9594445, 0.0);50.0504146;19.9594445;0.0;POINT (568667.4764171189 243012.885782999);1931;118.32885235011811;347.9991852616428;13293.0;5.931572463894225
63;Kraków, ul. Śliczna blisko Quattro Business Park;Kraków , Prądnik Czerwony, Wieczysta;2 pokoje;499000.0;54.46;9163.0;https://www.otodom.pl/oferta/krakow-ul-sliczna-blisko-quattro-business-park-ID3oy60.html#83328eeb52;2020-02-22 11:43:16.147033;0.0;7.0;2011.0;Śliczna;Kraków , Prądnik Czerwony, Wieczysta, Śliczna;Śliczna, Wieczysta, Prądnik Czerwony, Kraków, województwo małopolskie, 31-444, Polska;(50.0732132, 19.9762981, 0.0);50.0732132;19.9762981;0.0;POINT (569840.5585650825 245562.5621479955);3052;1595.5087617233607;524.3123118735156;9163.0;683.3803606336234
64;Wańkowicza / kameralne osiedle / 3 pokoje + ogród;Kraków , Nowa Huta;3 pokoje;450000.0;63.0;7143.0;https://www.otodom.pl/oferta/wankowicza-kameralne-osiedle-3-pokoje-ogrod-ID42eT3.html#83328eeb52;2020-02-22 11:43:18.602747;0.0;1.0;2018.0;Wańkowicza;Kraków , Nowa Huta, Wańkowicza;Wańkowicza, Dłubnia, Wzgórza Krzesławickie, Kraków, województwo małopolskie, Polska;(50.0872514, 20.04770713047463, 0.0);50.0872514;20.04770713047463;0.0;POINT (574926.9007159718 247192.0989259779);8356;3767.381510338829;35.22214186565495;7143.0;663.8402496711975
65;Funkcjonalne 2-pokojowe na Osiedlu Fi, ul.Szafrana;Kraków , Podgórze;2 pokoje;450000.0;36.0;12500.0;https://www.otodom.pl/oferta/funkcjonalne-2-pokojowe-na-osiedlu-fi-ul-szafrana-ID44GVw.html#332e1d6712;2020-02-22 11:43:31.055402;4.0;5.0;2015.0;Szafrana;Kraków , Podgórze, Szafrana;Tadeusza Szafrana, Mateczny, Łagiewniki-Borek Fałęcki, Delegatura Kraków-Podgórze, Kraków, województwo małopolskie, 30-363, Polska;(50.0345918, 19.93293, 0.0);50.0345918;19.93293;0.0;POINT (566791.8146598509 241230.164427923);2959;1199.6138356337192;426.51680011400816;12500.0;300.70830025887466
66;Skawińska cicha i spokojna część Kazimierza.;Kraków , Stare Miasto, Kazimierz;2 pokoje;890000.0;57.75;15411.0;https://www.otodom.pl/oferta/skawinska-cicha-i-spokojna-czesc-kazimierza-ID43OXi.html#332e1d6712;2020-02-22 11:43:56.201266;0.0;3.0;2014.0;Skawińska;Kraków , Stare Miasto, Kazimierz, Skawińska;Skawińska, Kazimierz, Stare Miasto, Kraków, województwo małopolskie, 31-067, Polska;(50.0469488, 19.9387122, 0.0);50.0469488;19.9387122;0.0;POINT (567188.527020686 242608.8200311484);1563;81.86530784105442;358.7840483520226;15411.0;70.32389846568107
67;Komfortowy apartament, Podgórze ul. Limanowskiego;Kraków , Podgórze, Stare Podgórze;3 pokoje;1100000.0;125.0;8800.0;https://www.otodom.pl/oferta/komfortowy-apartament-podgorze-ul-limanowskiego-ID444jJ.html#332e1d6712;2020-02-22 11:44:00.438643;1.0;1.0;1900.0;Limanowskiego;Kraków , Podgórze, Stare Podgórze, Limanowskiego;Limanowskiego, Bolesława Limanowskiego, Ludwinów, Podgórze, Delegatura Kraków-Podgórze, Kraków, województwo małopolskie, 30-551, Polska;(50.0449752, 19.9559492, 0.0);50.0449752;19.9559492;0.0;POINT (568425.0550821114 242405.0938453879);2195;442.2486817422961;9.385703304198744e-10;8800.0;70.58125838732026
68;3 pokoje, 65m2, Zabłocie, Romanowicza;Kraków , Podgórze, Zabłocie;3 pokoje;779000.0;65.0;11985.0;https://www.otodom.pl/oferta/3-pokoje-65m2-zablocie-romanowicza-ID44InY.html#9daaa38f30;2020-02-22 11:44:03.166820;1.0;7.0;2015.0;Zabłocie;Kraków , Podgórze, Zabłocie, Zabłocie;Zabłocie, Podgórze, Delegatura Kraków-Podgórze, Kraków, województwo małopolskie, 30-701, Polska;(50.0504146, 19.9594445, 0.0);50.0504146;19.9594445;0.0;POINT (568667.4764171189 243012.885782999);1931;118.32885235011811;347.9991852616428;11985.0;5.931572463894225
69;Piękne i przestronne 3 pokoje przy ul.Stańczyka;Kraków , Bronowice, Bronowice Małe;3 pokoje;749000.0;79.32;9443.0;https://www.otodom.pl/oferta/piekne-i-przestronne-3-pokoje-przy-ul-stanczyka-ID43C0Y.html#9daaa38f30;2020-02-22 11:44:06.438003;3.0;11.0;2009.0;Stańczyka;Kraków , Bronowice, Bronowice Małe, Stańczyka;Stańczyka, Future City, Bronowice, Delegatura Kraków-Krowodrza, Kraków, województwo małopolskie, 30-126, Polska;(50.078487, 19.8941722, 0.0);50.078487;19.8941722;0.0;POINT (563958.6630885233 246075.2012641681);3683;3195.7657253601424;201.7905800485491;9443.0;353.00190812943447
70;Krowodrza, ul. Wrocławska - 2 pokojowe;Kraków , Krowodrza, Łobzów;2 pokoje;379000.0;40.65;9323.0;https://www.otodom.pl/oferta/krowodrza-ul-wroclawska-2-pokojowe-ID42sev.html#9daaa38f30;2020-02-22 11:44:10.714969;0.0;8.0;1966.0;Wrocławska;Kraków , Krowodrza, Łobzów, Wrocławska;Wrocławska, Łobzów, Krowodrza, Kraków, województwo małopolskie, 31-306, Polska;(50.0816206, 19.9161413, 0.0);50.0816206;19.9161413;0.0;POINT (565525.7817667988 246442.54200745);2773;3109.2446261866094;917.3237598837604;9323.0;463.5192192280132
71;Do sprzedania 3 pokojowe mieszkanie ul. Majora.;Kraków , Prądnik Czerwony;3 pokoje;455000.0;52.4;8683.0;https://www.otodom.pl/oferta/do-sprzedania-3-pokojowe-mieszkanie-ul-majora-ID44ynf.html#9daaa38f30;2020-02-22 11:44:13.646254;4.0;4.0;1983.0;Majora;Kraków , Prądnik Czerwony, Majora;Majora, Prądnik Czerwony, Kraków, województwo małopolskie, Polska;(50.0884029, 19.96545315306553, 0.0);50.0884029;19.96545315306553;0.0;POINT (569042.9452361747 247240.8151780115);3623;3453.3019396322243;1674.47055013374;8683.0;118.493035266209
72;4pok+salon, 2 łazienki, 2 balkony, ok.29 Listopada;Kraków , Prądnik Biały;4 pokoje;834784.0;109.84;7600.0;https://www.otodom.pl/oferta/4pok-salon-2-lazienki-2-balkony-ok-29-listopada-ID44Nso.html#9daaa38f30;2020-02-22 11:44:14.535748;7.0;7.0;2020.0;Listopada;Kraków , Prądnik Biały, Listopada;Aleja 29 Listopada, Górka Narodowa, Prądnik Biały, Kraków, województwo małopolskie, 31-220, Polska;(50.0979605, 19.9622715, 0.0);50.0979605;19.9622715;0.0;POINT (568801.7304189435 248300.2085534371);4460;4522.220981726807;2403.0855074389237;7600.0;668.3874725722702
73;2 pok. /53m2/Podgórze/Kurdwanów/ul. Bujaka;Kraków , Podgórze Duchackie, Kurdwanów;2 pokoje;399000.0;53.0;7528.0;https://www.otodom.pl/oferta/2-pok-53m2-podgorze-kurdwanow-ul-bujaka-ID4489u.html#9daaa38f30;2020-02-22 11:44:20.257764;3.0;4.0;2005.0;Bujaka;Kraków , Podgórze Duchackie, Kurdwanów, Bujaka;Bujaka, Kurdwanów, Podgórze Duchackie, Delegatura Kraków-Podgórze, Kraków, województwo małopolskie, Polska;(50.009635200000005, 19.948395750000003, 0.0);50.009635200000005;19.948395750000003;0.0;POINT (567934.2337184104 238470.1971203024);5760;3879.8011700339916;461.08738382918153;7528.0;185.91807903633594
74;cesja praw ul. Wadowicka 2 pokoje !!!;Kraków , Podgórze, Stare Podgórze;2 pokoje;385000.0;35.0;11000.0;https://www.otodom.pl/oferta/cesja-praw-ul-wadowicka-2-pokoje-ID44MqR.html#a9383fdd22;2020-02-22 11:44:52.808639;0.0;3.0;2020.0;Wadowicka;Kraków , Podgórze, Stare Podgórze, Wadowicka;Wadowicka, Mateczny, Podgórze, Delegatura Kraków-Podgórze, Kraków, województwo małopolskie, 30-415, Polska;(50.0350632, 19.9397264, 0.0);50.0350632;19.9397264;0.0;POINT (567277.7271268149 241288.6550673964);2887;1031.5976338585542;97.27661283788728;11000.0;107.42295246992008
75;2pok os kuchnia balkon Prąd. Biały/ok.29 Listopada;Kraków , Prądnik Biały;2 pokoje;384426.0;47.46;8100.0;https://www.otodom.pl/oferta/2pok-os-kuchnia-balkon-prad-bialy-ok-29-listopada-ID44No9.html#a9383fdd22;2020-02-22 11:44:57.682886;7.0;7.0;2020.0;Listopada;Kraków , Prądnik Biały, Listopada;Aleja 29 Listopada, Górka Narodowa, Prądnik Biały, Kraków, województwo małopolskie, 31-220, Polska;(50.0979605, 19.9622715, 0.0);50.0979605;19.9622715;0.0;POINT (568801.7304189435 248300.2085534371);4460;4522.220981726807;2403.0855074389237;8100.0;668.3874725722702
76;Krowodrza, Prądnik Biały Azory, Przytulne 3-pokoje;Kraków , Prądnik Biały;3 pokoje;399000.0;44.0;9068.0;https://www.otodom.pl/oferta/krowodrza-pradnik-bialy-azory-przytulne-3-pokoje-ID44h20.html#a9383fdd22;2020-02-22 11:45:07.463212;4.0;10.0;1970.0;Prądnicka;Kraków , Prądnik Biały, Prądnicka;Prądnicka, Prądnik Biały, Kraków, województwo małopolskie, 31-202, Polska;(50.0875229, 19.9385333, 0.0);50.0875229;19.9385333;0.0;POINT (567119.0717439586 247118.4659837764);2949;3655.939797525753;473.4070765417071;9068.0;310.36166379018505
77;Os Teatralne - 2 pokoje do wejścia;Kraków , Nowa Huta;2 pokoje;399000.0;50.0;7980.0;https://www.otodom.pl/oferta/os-teatralne-2-pokoje-do-wejscia-ID44L92.html#cf5342ca27;2020-02-22 11:45:18.067719;1.0;4.0;1960.0;Teatralne;Kraków , Nowa Huta, Teatralne;Osiedle Teatralne, Bieńczyce, Delegatura Kraków-Nowa Huta, Kraków, województwo małopolskie, Polska;(50.0797342, 20.0327324, 0.0);50.0797342;20.0327324;0.0;POINT (573867.5536850548 246341.6503876057);7075;2529.927514470727;242.38535869626446;7980.0;241.31470251014383
78;4 pokojowe mieszkanie w zielonej części Bronowic;Kraków , Bronowice;4 pokoje;450800.0;66.0;6830.0;https://www.otodom.pl/oferta/4-pokojowe-mieszkanie-w-zielonej-czesci-bronowic-ID44oI0.html#cf5342ca27;2020-02-22 11:45:21.946298;1.0;3.0;2019.0;Bronowicka;Kraków , Bronowice, Bronowicka;Bronowicka, Stara Krowodrza, Bronowice, Delegatura Kraków-Krowodrza, Kraków, województwo małopolskie, 30-084, Polska;(50.0769526, 19.9030181, 0.0);50.0769526;19.9030181;0.0;POINT (564593.4482024474 245912.2633061446);3063;2862.8240075751514;45.054185850109505;6830.0;311.3351861175156
79;Kazimierz - mieszkanie inwestycyjne pod wynajem;Kraków , Stare Miasto;3 pokoje;805000.0;61.82;13022.0;https://www.otodom.pl/oferta/kazimierz-mieszkanie-inwestycyjne-pod-wynajem-ID44xLr.html#cf5342ca27;2020-02-22 11:45:27.446223;3.0;4.0;1893.0;Kazimierza;Kraków , Stare Miasto, Kazimierza;Kościół pw. Świętego Kazimierza Królewicza, 4, Reformacka, Stare Miasto, Kraków, województwo małopolskie, 31-012, Polska;(50.0648696, 19.936230887154693, 0.0);50.0648696;19.936230887154693;0.0;POINT (566985.9733360073 244598.4836738249);448;1158.4511780145535;228.73946884946844;13022.0;38.43453333507246
80;Drugi Etap! Zielonki- KrK!! POPIELATE WZGÓRZA 2.0!;Kraków , Prądnik Biały;3 pokoje;429000.0;63.5;6756.0;https://www.otodom.pl/oferta/drugi-etap-zielonki-krk-popielate-wzgorza-2-0-ID3DRyU.html#cf5342ca27;2020-02-22 11:45:32.197465;1.0;2.0;2019.0;Zielonki;Kraków , Prądnik Biały, Zielonki;Na Zielonki, Tonie, Prądnik Biały, Kraków, województwo małopolskie, 31-268, Polska;(50.1155609, 19.9006123, 0.0);50.1155609;19.9006123;0.0;POINT (564369.6124846622 250201.5232388088);6627;7041.819131662904;3698.087962902798;6756.0;2932.89374019664
81;JABŁONOWSKICH >>>> apartament tuż przy Plantach;Kraków , Stare Miasto;3 pokoje;1190000.0;84.0;14167.0;https://www.otodom.pl/oferta/jablonowskich-apartament-tuz-przy-plantach-ID3PAEI.html#589aa700e3;2020-02-22 11:45:44.526378;2.0;2.0;1903.0;Polankach;Kraków , Stare Miasto, Polankach;Na Polankach, Olszanica, Zwierzyniec, Kraków, województwo małopolskie, 30-241, Polska;(50.0691538, 19.8385226, 0.0);50.0691538;19.8385226;0.0;POINT (559989.8340507377 244991.6484853784);7158;2964.4960766670965;3408.6643337393375;14167.0;1587.4536178932872
82;3 pokojowe mieszkanie przy ulicy Naukowców;Kraków , Bronowice;3 pokoje;669000.0;56.3;11883.0;https://www.otodom.pl/oferta/3-pokojowe-mieszkanie-przy-ulicy-naukowcow-ID44tuw.html#589aa700e3;2020-02-22 11:45:50.919253;1.0;3.0;2016.0;Naukowców;Kraków , Bronowice, Naukowców;Naukowców, Bronowice Małe, Bronowice, Delegatura Kraków-Krowodrza, Kraków, województwo małopolskie, 31-356, Polska;(50.0843226, 19.884309, 0.0);50.0843226;19.884309;0.0;POINT (563245.4958997251 246715.4328613961);4627;4071.616874747927;267.72268546000646;11883.0;548.1873087364336
83;Apartament ul. Rakowicka Novum II garaż w db cenie;Kraków , Stare Miasto;1 pokój;399400.0;30.0;13313.0;https://www.otodom.pl/oferta/apartament-ul-rakowicka-novum-ii-garaz-w-db-cenie-ID44N9G.html#589aa700e3;2020-02-22 11:45:54.360080;1.0;6.0;2018.0;Rakowicka;Kraków , Stare Miasto, Rakowicka;Rakowicka, Warszawskie, Grzegórzki, Delegatura Kraków-Śródmieście, Kraków, województwo małopolskie, 31-520, Polska;(50.0751438, 19.9577519, 0.0);50.0751438;19.9577519;0.0;POINT (568511.1065507758 245759.9750759406);2112;2440.0632193654255;102.36682601454073;13313.0;1018.4790260068435
84;3 pok. 72 m2, Górka Narodowa, Prądnik Biały;Kraków , Prądnik Biały, Górka Narodowa;3 pokoje;530000.0;72.47;7313.0;https://www.otodom.pl/oferta/3-pok-72-m2-gorka-narodowa-pradnik-bialy-ID440Z2.html#589aa700e3;2020-02-22 11:46:06.165681;3.0;5.0;2005.0;Góra;Kraków , Prądnik Biały, Górka Narodowa, Góra;"Schron amunicyjny ""Łysa Góra"", Węgrzecka, Górka Narodowa, Prądnik Biały, Kraków, województwo małopolskie, 31-242, Polska";(50.105246, 19.96920205268595, 0.0);50.105246;19.96920205268595;0.0;POINT (569286.7417427578 249116.4023994775);5400;5150.638415606395;2237.8310661863047;7313.0;964.7822261926888
85;Nowa inwestycja - Kazimierz Krakowska/Skawińska;Kraków , Stare Miasto, Kazimierz;2 pokoje;634660.0;48.82;13000.0;https://www.otodom.pl/oferta/nowa-inwestycja-kazimierz-krakowska-skawinska-ID44uEx.html#589aa700e3;2020-02-22 11:46:07.009153;5.0;5.0;2020.0;Kazimierza;Kraków , Stare Miasto, Kazimierz, Kazimierza;Apartamenty Sekret Kazimierza, 34, Józefa, Kazimierz, Stare Miasto, Kraków, województwo małopolskie, 31-056, Polska;(50.0512307, 19.9469375, 0.0);50.0512307;19.9469375;0.0;POINT (567771.2149040747 243092.1779909022);1260;395.91643450410254;147.83821203222706;13000.0;247.46828570706563
86;NOWA Inwestycja - Kazimierz, Miodowa/Krakowska;Kraków , Stare Miasto, Kazimierz;1 pokój;494400.0;32.96;15000.0;https://www.otodom.pl/oferta/nowa-inwestycja-kazimierz-miodowa-krakowska-ID44uBN.html#589aa700e3;2020-02-22 11:46:17.993169;1.0;5.0;2020.0;Kazimierza;Kraków , Stare Miasto, Kazimierz, Kazimierza;Apartamenty Sekret Kazimierza, 34, Józefa, Kazimierz, Stare Miasto, Kraków, województwo małopolskie, 31-056, Polska;(50.0512307, 19.9469375, 0.0);50.0512307;19.9469375;0.0;POINT (567771.2149040747 243092.1779909022);1260;395.91643450410254;147.83821203222706;15000.0;247.46828570706563
87;3 pokoje w doskonałej lokalizacji, ul. Kapelanka;Kraków , Dębniki;3 pokoje;594000.0;66.06;8992.0;https://www.otodom.pl/oferta/3-pokoje-w-doskonalej-lokalizacji-ul-kapelanka-ID41kAE.html#b5bf170a47;2020-02-22 11:46:22.615333;4.0;4.0;1993.0;Kapelanka;Kraków , Dębniki, Kapelanka;Kapelanka, Osiedle Podwawelskie, Łagiewniki-Borek Fałęcki, Delegatura Kraków-Podgórze, Kraków, województwo małopolskie, 30-346, Polska;(50.0434871, 19.9227043, 0.0);50.0434871;19.9227043;0.0;POINT (566047.5257958679 242209.7852902571);2233;883.2349058129452;174.05719143225187;8992.0;695.8778068081489
88;Dywizjonu 303/Czyżyny 3-pokojowe,ustawne;Kraków , Nowa Huta, Czyżyny;3 pokoje;584000.0;73.0;8000.0;https://www.otodom.pl/oferta/dywizjonu-303-czyzyny-3-pokojowe-ustawne-ID44nyo.html#b5bf170a47;2020-02-22 11:46:34.198971;3.0;3.0;1981.0;Dywizjonu;Kraków , Nowa Huta, Czyżyny, Dywizjonu;Osiedle Dywizjonu 303, Czyżyny, Kraków, województwo małopolskie, Polska;(50.08314705, 20.005731625960628, 0.0);50.08314705;20.005731625960628;0.0;POINT (571931.2153674981 246694.6372460146);5425;2798.461413991275;986.3527141550875;8000.0;110.4316670549811
89;Dębniki | Madalińskiego | 2 Pok | Eng;Kraków , Dębniki;2 pokoje;539932.0;41.99;12859.0;https://www.otodom.pl/oferta/debniki-madalinskiego-2-pok-eng-ID44MYN.html#b5bf170a47;2020-02-22 11:46:40.025706;1.0;3.0;2019.0;Dębnicki;Kraków , Dębniki, Dębnicki;Park Dębnicki, Dębniki, Łagiewniki-Borek Fałęcki, Delegatura Kraków-Podgórze, Kraków, województwo małopolskie, Polska;(50.0495234, 19.91693092494888, 0.0);50.0495234;19.91693092494888;0.0;POINT (565626.040058322 242875.6318850024);1973;147.50905019145674;346.35659507003743;12859.0;0.0
90;Dębskiego, Opatkowice 4pok 66m2 Do Sprzedania;Kraków , Swoszowice, Opatkowice;4 pokoje;452000.0;66.0;6848.0;https://www.otodom.pl/oferta/debskiego-opatkowice-4pok-66m2-do-sprzedania-ID44MYI.html#b5bf170a47;2020-02-22 11:46:41.716284;1.0;3.0;2016.0;Dębskiego;Kraków , Swoszowice, Opatkowice, Dębskiego;Macieja Dębskiego, Opatkowice, Swoszowice, Kraków, województwo małopolskie, 30-499, Polska;(49.9885667, 19.906689, 0.0);49.9885667;19.906689;0.0;POINT (564975.1844746305 236091.4025199255);8359;5570.544553520182;3083.0038804308547;6848.0;1163.9596908354256
91;Mieszkanie przy R. Matecznego 85 m2 za 560 000 zł!;Kraków , Podgórze;3 pokoje;560000.0;85.0;6588.0;https://www.otodom.pl/oferta/mieszkanie-przy-r-matecznego-85-m2-za-560-000-zl-ID44MXo.html#b5bf170a47;2020-02-22 11:46:46.813527;4.0;4.0;1997.0;Matecznego;Kraków , Podgórze, Matecznego;Rondo Antoniego Matecznego, Mateczny, Podgórze, Delegatura Kraków-Podgórze, Kraków, województwo małopolskie, 30-524, Polska;(50.0367797, 19.9405272, 0.0);50.0367797;19.9405272;0.0;POINT (567332.6572123085 241480.1638806006);2699;835.5567240133731;25.925364695257603;6588.0;276.68397225239596
92;1 Pok. | Rakowicka | Novum II | Stare Miasto |Eng.;Kraków , Stare Miasto;1 pokój;399500.0;30.0;13317.0;https://www.otodom.pl/oferta/1-pok-rakowicka-novum-ii-stare-miasto-eng-ID44MVK.html#b5bf170a47;2020-02-22 11:46:48.018442;1.0;5.0;2019.0;Rakowicka;Kraków , Stare Miasto, Rakowicka;Rakowicka, Warszawskie, Grzegórzki, Delegatura Kraków-Śródmieście, Kraków, województwo małopolskie, 31-520, Polska;(50.0751438, 19.9577519, 0.0);50.0751438;19.9577519;0.0;POINT (568511.1065507758 245759.9750759406);2112;2440.0632193654255;102.36682601454073;13317.0;1018.4790260068435
93;Kozłówek - możliwość zrobienia 3 pokoi, do remontu;Kraków , Bieżanów-Prokocim, Kozłówek;3 pokoje;380000.0;45.0;8444.0;https://www.otodom.pl/oferta/kozlowek-mozliwosc-zrobienia-3-pokoi-do-remontu-ID44CdT.html#df521ce691;2020-02-22 11:46:56.102921;0.0;10.0;1985.0;Kozłówce;Kraków , Bieżanów-Prokocim, Kozłówek, Kozłówce;Na Kozłówce, Osiedle Kozłówek, Podgórze Duchackie, Delegatura Kraków-Podgórze, Kraków, województwo małopolskie, 30-641, Polska;(50.0211081, 19.9777488, 0.0);50.0211081;19.9777488;0.0;POINT (570020.1025249592 239772.4743337575);5266;3431.0769113728784;300.21815443123705;8444.0;459.55864193294263
94;Aleja Pokoju | 8 minut do centrum | 2 Pok | Garaż;Kraków , Nowa Huta, Czyżyny;2 pokoje;463048.0;42.1;10999.0;https://www.otodom.pl/oferta/aleja-pokoju-8-minut-do-centrum-2-pok-garaz-ID42JGI.html#df521ce691;2020-02-22 11:46:59.826973;4.0;5.0;2019.0;Pokoju;Kraków , Nowa Huta, Czyżyny, Pokoju;Aleja Pokoju, Osiedle Drugiego Pułku Lotniczego, Czyżyny, Delegatura Kraków-Nowa Huta, Kraków, województwo małopolskie, 31-982, Polska;(50.0728559, 20.0175579, 0.0);50.0728559;20.0175579;0.0;POINT (572792.6114353463 245562.2350378316);5829;1588.431315889518;34.37573101697437;10999.0;535.2405972137193
95;Rynek Główny | Bracka | Inwestycyjnie | Eng;Kraków , Stare Miasto;4 pokoje;1999989.0;83.56;23935.0;https://www.otodom.pl/oferta/rynek-glowny-bracka-inwestycyjnie-eng-ID44MWF.html#df521ce691;2020-02-22 11:47:01.060922;2.0;3.0;1905.0;Rynek;Kraków , Stare Miasto, Rynek;Rynek Główny, Stare Miasto, Kraków, województwo małopolskie, Polska;(50.061516499999996, 19.935947926355013, 0.0);50.061516499999996;19.935947926355013;0.0;POINT (566970.3967255686 244225.533540966);157;801.8560217506457;292.8075478380549;23935.0;150.50072675286248
96;3-Pokoje 50m2 ul.Odrzańska;Kraków , Łagiewniki-Borek Fałęcki, Cegielniana;3 pokoje;408000.0;50.11;8142.0;https://www.otodom.pl/oferta/3-pokoje-50m2-ul-odrzanska-ID44MW8.html#df521ce691;2020-02-22 11:47:06.431650;4.0;11.0;1978.0;Odrzańska;Kraków , Łagiewniki-Borek Fałęcki, Cegielniana, Odrzańska;Odrzańska, Osiedle Cegielniana, Łagiewniki-Borek Fałęcki, Kraków, województwo małopolskie, 30-408, Polska;(50.0262372, 19.9294398, 0.0);50.0262372;19.9294398;0.0;POINT (566553.4880990515 240298.4441575315);3913;2156.830897272315;370.2677836295236;8142.0;269.74027180151285
97;Trzypokojowe mieszkanie, 47m2, Szafrana;Kraków , Podgórze;3 pokoje;560000.0;47.0;11915.0;https://www.otodom.pl/oferta/trzypokojowe-mieszkanie-47m2-szafrana-ID44MTg.html#df521ce691;2020-02-22 11:47:13.095432;4.0;4.0;1999.0;Szafrana;Kraków , Podgórze, Szafrana;Tadeusza Szafrana, Mateczny, Łagiewniki-Borek Fałęcki, Delegatura Kraków-Podgórze, Kraków, województwo małopolskie, 30-363, Polska;(50.0345918, 19.93293, 0.0);50.0345918;19.93293;0.0;POINT (566791.8146598509 241230.164427923);2959;1199.6138356337192;426.51680011400816;11915.0;300.70830025887466
98;Prokocim - 3 pokoje, cicha i spokojna okolica;Kraków , Bieżanów-Prokocim, Prokocim;3 pokoje;450000.0;60.0;7500.0;https://www.otodom.pl/oferta/prokocim-3-pokoje-cicha-i-spokojna-okolica-ID44MT0.html#df521ce691;2020-02-22 11:47:15.387091;4.0;4.0;1980.0;Prokocimia;Kraków , Bieżanów-Prokocim, Prokocim, Prokocimia;Prokocim, Bieżanów-Prokocim, Kraków, województwo małopolskie, Polska;(50.0226748, 19.9921741, 0.0);50.0226748;19.9921741;0.0;POINT (571050.8213306962 239960.2205082783);5756;2781.79056032387;466.97444223519176;7500.0;315.74566188721485
99;Słoneczna kawalerka z balkonem w Hucie,D.H. Wanda;Kraków , Nowa Huta;1 pokój;280000.0;31.0;9032.0;https://www.otodom.pl/oferta/sloneczna-kawalerka-z-balkonem-w-hucie-d-h-wanda-ID44MQl.html#ebf75736ab;2020-02-22 11:47:34.357405;2.0;4.0;1980.0;Słoneczne;Kraków , Nowa Huta, Słoneczne;Osiedle Słoneczne, Nowa Huta, Delegatura Kraków-Nowa Huta, Kraków, województwo małopolskie, 31-956, Polska;(50.0776057, 20.0420898, 0.0);50.0776057;20.0420898;0.0;POINT (574540.1416298144 246114.3636779059);7655;2657.0234996404183;452.7651488381776;9032.0;177.07051565964417
100;Krowodrza Apartament 2-poziomy Wichury Wrocławska;Kraków , Krowodrza;3 pokoje;837000.0;92.0;9098.0;https://www.otodom.pl/oferta/krowodrza-apartament-2-poziomy-wichury-wroclawska-ID44yd5.html#ebf75736ab;2020-02-22 11:47:38.480308;3.0;3.0;2000.0;Wrocławska;Kraków , Krowodrza, Wrocławska;Wrocławska, Stara Krowodrza, Krowodrza, Kraków, województwo małopolskie, 30-017, Polska;(50.0808192, 19.9179102, 0.0);50.0808192;19.9179102;0.0;POINT (565653.3926503791 246355.0193398139);2629;2988.141498126569;882.5825433040441;9098.0;395.7575884017842
101;Wykończony apartament Nadwiślańska 135 mkw;Kraków , Podgórze;6 pokoi;2200000.0;135.0;16296.0;https://www.otodom.pl/oferta/wykonczony-apartament-nadwislanska-135-mkw-ID415Zv.html#ebf75736ab;2020-02-22 11:47:41.430927;3.0;3.0;2018.0;Nadwiślańska;Kraków , Podgórze, Nadwiślańska;Nadwiślańska, Ludwinów, Podgórze, Delegatura Kraków-Podgórze, Kraków, województwo małopolskie, 30-527, Polska;(50.0478312, 19.954409, 0.0);50.0478312;19.954409;0.0;POINT (568310.7583865958 242721.1276232302);1875;126.95613207033398;134.31540742482036;16296.0;268.61272409590384
102;Przestrzenne 4 pokoje 92m2 Podgórze Duchackie;Kraków , Podgórze Duchackie;4 pokoje;519000.0;91.4;5678.0;https://www.otodom.pl/oferta/przestrzenne-4-pokoje-92m2-podgorze-duchackie-ID44MKP.html#ebf75736ab;2020-02-22 11:47:48.295068;4.0;5.0;1991.0;Duchacka;Kraków , Podgórze Duchackie, Duchacka;Wola Duchacka, Podgórze Duchackie, Kraków, województwo małopolskie, Polska;(50.022604099999995, 19.96143951311077, 0.0);50.022604099999995;19.96143951311077;0.0;POINT (568850.0167809983 239923.6063224804);4586;2739.4389983161846;1040.8921456070173;5678.0;180.02792550918838
103;Bronowicka 59 m2+garaż po remoncie WŁAŚCICIEL;Kraków , Bronowice;2 pokoje;690000.0;59.0;11695.0;https://www.otodom.pl/oferta/bronowicka-59-m2-garaz-po-remoncie-wlasciciel-ID44y8O.html#ebf75736ab;2020-02-22 11:47:49.945543;0.0;3.0;1999.0;Bronowicka;Kraków , Bronowice, Bronowicka;Bronowicka, Stara Krowodrza, Bronowice, Delegatura Kraków-Krowodrza, Kraków, województwo małopolskie, 30-084, Polska;(50.0769526, 19.9030181, 0.0);50.0769526;19.9030181;0.0;POINT (564593.4482024474 245912.2633061446);3063;2862.8240075751514;45.054185850109505;11695.0;311.3351861175156
104;Sprzedam mieszkanie 52m2, Dębniki ul. Bałuckiego 5;Kraków , Dębniki;2 pokoje;639000.0;52.0;12288.0;https://www.otodom.pl/oferta/sprzedam-mieszkanie-52m2-debniki-ul-baluckiego-5-ID44GqJ.html#51deb94ee3;2020-02-22 11:48:00.069134;1.0;4.0;1970.0;Dębnicki;Kraków , Dębniki, Dębnicki;Park Dębnicki, Dębniki, Łagiewniki-Borek Fałęcki, Delegatura Kraków-Podgórze, Kraków, województwo małopolskie, Polska;(50.0495234, 19.91693092494888, 0.0);50.0495234;19.91693092494888;0.0;POINT (565626.040058322 242875.6318850024);1973;147.50905019145674;346.35659507003743;12288.0;0.0
105;Mieszkanie gotowe do zamieszkania przy ul. Fredry;Kraków , Podgórze;3 pokoje;590000.0;61.5;9593.0;https://www.otodom.pl/oferta/mieszkanie-gotowe-do-zamieszkania-przy-ul-fredry-ID44EV8.html#51deb94ee3;2020-02-22 11:48:01.371206;3.0;3.0;2007.0;Fredry;Kraków , Podgórze, Fredry;Fredry, Aleksandra Fredry, Łagiewniki, Łagiewniki-Borek Fałęcki, Delegatura Kraków-Podgórze, Kraków, województwo małopolskie, 30-606, Polska;(50.0207881, 19.942724, 0.0);50.0207881;19.942724;0.0;POINT (567512.3392671184 239704.6923527764);4484;2610.750040171505;734.3010011132353;9593.0;892.233425257893
106;Bronowice 32 m2, 4 piętro, cesja , 2 Pokoje;Kraków , Bronowice;2 pokoje;344647.0;32.21;10700.0;https://www.otodom.pl/oferta/bronowice-32-m2-4-pietro-cesja-2-pokoje-ID44Chf.html#51deb94ee3;2020-02-22 11:48:07.893970;4.0;5.0;2020.0;Bronowicka;Kraków , Bronowice, Bronowicka;Bronowicka, Stara Krowodrza, Bronowice, Delegatura Kraków-Krowodrza, Kraków, województwo małopolskie, 30-084, Polska;(50.0769526, 19.9030181, 0.0);50.0769526;19.9030181;0.0;POINT (564593.4482024474 245912.2633061446);3063;2862.8240075751514;45.054185850109505;10700.0;311.3351861175156
107;Duże mieszkanie na Kazimierzu.;Kraków , Stare Miasto, Kazimierz;2 pokoje;599000.0;71.7;8354.0;https://www.otodom.pl/oferta/duze-mieszkanie-na-kazimierzu-ID44qso.html#51deb94ee3;2020-02-22 11:48:21.106573;1.0;3.0;1900.0;Kazimierza;Kraków , Stare Miasto, Kazimierz, Kazimierza;Apartamenty Sekret Kazimierza, 34, Józefa, Kazimierz, Stare Miasto, Kraków, województwo małopolskie, 31-056, Polska;(50.0512307, 19.9469375, 0.0);50.0512307;19.9469375;0.0;POINT (567771.2149040747 243092.1779909022);1260;395.91643450410254;147.83821203222706;8354.0;247.46828570706563
108;Mieszkanie - Kraków Opatkowice;Kraków , Swoszowice, Opatkowice;2 pokoje;430000.0;54.66;7867.0;https://www.otodom.pl/oferta/mieszkanie-krakow-opatkowice-ID44Lt1.html#51deb94ee3;2020-02-22 11:48:26.311159;2.0;3.0;2014.0;Opatkowicka;Kraków , Swoszowice, Opatkowice, Opatkowicka;Opatkowicka, Opatkowice, Swoszowice, Kraków, województwo małopolskie, 30-499, Polska;(49.9836953, 19.9160164, 0.0);49.9836953;19.9160164;0.0;POINT (565650.2256588747 235558.0975218732);8738;6223.642018755963;3361.0890287627117;7867.0;307.0040203474691
109;Cegielniana 3 pokoje duży balkon;Kraków , Łagiewniki-Borek Fałęcki, Cegielniana;3 pokoje;408000.0;47.46;8597.0;https://www.otodom.pl/oferta/cegielniana-3-pokoje-duzy-balkon-ID44MDN.html#51deb94ee3;2020-02-22 11:48:30.545733;4.0;11.0;1977.0;Cegielniana;Kraków , Łagiewniki-Borek Fałęcki, Cegielniana, Cegielniana;Cegielniana, Osiedle Cegielniana, Łagiewniki-Borek Fałęcki, Kraków, województwo małopolskie, 30-404, Polska;(50.027142, 19.9334098, 0.0);50.027142;19.9334098;0.0;POINT (566836.5040022989 240402.5536649618);3779;1978.486012063275;287.45191553366897;8597.0;471.4901130187869
110;2 pok + balkon! Zgoda na cesję! Prądnik Biały!;Kraków , Prądnik Biały;2 pokoje;329000.0;35.0;9400.0;https://www.otodom.pl/oferta/2-pok-balkon-zgoda-na-cesje-pradnik-bialy-ID44y33.html#20f82b348a;2020-02-22 11:48:38.157162;4.0;6.0;2021.0;Prądnicka;Kraków , Prądnik Biały, Prądnicka;Prądnicka, Prądnik Biały, Kraków, województwo małopolskie, 31-202, Polska;(50.0875229, 19.9385333, 0.0);50.0875229;19.9385333;0.0;POINT (567119.0717439586 247118.4659837764);2949;3655.939797525753;473.4070765417071;9400.0;310.36166379018505
111;Ciche mieszkanie w centrum ul. Wrocławska, GOTOWE!;Kraków , Krowodrza;3 pokoje;708000.0;55.0;12873.0;https://www.otodom.pl/oferta/ciche-mieszkanie-w-centrum-ul-wroclawska-gotowe-ID44H6H.html#20f82b348a;2020-02-22 11:48:44.852482;7.0;9.0;2019.0;Wrocławska;Kraków , Krowodrza, Wrocławska;Wrocławska, Stara Krowodrza, Krowodrza, Kraków, województwo małopolskie, 30-017, Polska;(50.0808192, 19.9179102, 0.0);50.0808192;19.9179102;0.0;POINT (565653.3926503791 246355.0193398139);2629;2988.141498126569;882.5825433040441;12873.0;395.7575884017842
112;Pl. Bohaterów Getta 49m2 budynek z 2009r winda;Kraków , Podgórze;2 pokoje;686000.0;49.0;14000.0;https://www.otodom.pl/oferta/pl-bohaterow-getta-49m2-budynek-z-2009r-winda-ID447QZ.html#20f82b348a;2020-02-22 11:48:46.301643;2.0;4.0;2009.0;Getta;Kraków , Podgórze, Getta;Plac Bohaterów Getta, Ludwinów, Podgórze, Delegatura Kraków-Podgórze, Kraków, województwo małopolskie, Polska;(50.0467232, 19.95438111538139, 0.0);50.0467232;19.95438111538139;0.0;POINT (568310.3352903129 242597.9485702962);1972;221.13563694464628;44.99955274645287;14000.0;145.8249240893279
113;2 pokoje-Krowodrza-ul. Siemaszki;Kraków , Krowodrza;2 pokoje;399900.0;47.64;8394.0;https://www.otodom.pl/oferta/2-pokoje-krowodrza-ul-siemaszki-ID43TPP.html#20f82b348a;2020-02-22 11:48:49.960631;1.0;2.0;1962.0;Siemaszki;Kraków , Krowodrza, Siemaszki;Księdza Kazimierza Siemaszki, Prądnik Biały, Kraków, województwo małopolskie, 31-207, Polska;(50.0841963, 19.9396862, 0.0);50.0841963;19.9396862;0.0;POINT (567206.1715978096 246749.7502485262);2582;3305.126001182105;398.57314460319134;8394.0;87.1645005957925
114;Rynek Dębnicki / Bałuckiego;Kraków , Dębniki, Stare Dębniki;3 pokoje;700000.0;110.0;6364.0;https://www.otodom.pl/oferta/rynek-debnicki-baluckiego-ID44MyH.html#20f82b348a;2020-02-22 11:48:56.447164;1.0;1.0;1960.0;Rynek;Kraków , Dębniki, Stare Dębniki, Rynek;Rynek Dębnicki, Dębniki, Delegatura Kraków-Podgórze, Kraków, województwo małopolskie, Polska;(50.0516925, 19.926981225313348, 0.0);50.0516925;19.926981225313348;0.0;POINT (566342.35281728 243125.6002988126);1300;113.98453585013887;368.0217422556466;6364.0;268.97186732458124
115;Kameralne 2-pokojowe mieszkanie na Bronowicach;Kraków , Bronowice;2 pokoje;505869.0;39.69;12746.0;https://www.otodom.pl/oferta/kameralne-2-pokojowe-mieszkanie-na-bronowicach-ID44MvR.html#20f82b348a;2020-02-22 11:49:00.230437;1.0;3.0;2020.0;Bronowicka;Kraków , Bronowice, Bronowicka;Bronowicka, Stara Krowodrza, Bronowice, Delegatura Kraków-Krowodrza, Kraków, województwo małopolskie, 30-084, Polska;(50.0769526, 19.9030181, 0.0);50.0769526;19.9030181;0.0;POINT (564593.4482024474 245912.2633061446);3063;2862.8240075751514;45.054185850109505;12746.0;311.3351861175156
116;Apartament z balkonem przy Plantach i UJ;Kraków , Stare Miasto;5 pokoi;1090000.0;67.0;16269.0;https://www.otodom.pl/oferta/apartament-z-balkonem-przy-plantach-i-uj-ID44MuM.html#310b8f369d;2020-02-22 11:49:26.041919;2.0;3.0;2015.0;Polankach;Kraków , Stare Miasto, Polankach;Na Polankach, Olszanica, Zwierzyniec, Kraków, województwo małopolskie, 30-241, Polska;(50.0691538, 19.8385226, 0.0);50.0691538;19.8385226;0.0;POINT (559989.8340507377 244991.6484853784);7158;2964.4960766670965;3408.6643337393375;16269.0;1587.4536178932872
117;Mieszkanie inwestycyjne do aranżacji, Pawia;Kraków , Stare Miasto;3 pokoje;840000.0;76.0;11053.0;https://www.otodom.pl/oferta/mieszkanie-inwestycyjne-do-aranzacji-pawia-ID44MtE.html#310b8f369d;2020-02-22 11:49:30.825836;3.0;3.0;1920.0;Pawia;Kraków , Stare Miasto, Pawia;Pawia, Kleparz, Stare Miasto, Kraków, województwo małopolskie, 31-154, Polska;(50.0691779, 19.9451093, 0.0);50.0691779;19.9451093;0.0;POINT (567615.1434787014 245085.3479808709);1041;1859.0200893588105;151.57613678053943;11053.0;150.0395841088334
118;3pokoje , jasna kuchnia po remoncie Prokocim!;Kraków , Bieżanów-Prokocim;3 pokoje;410000.0;47.36;8657.0;https://www.otodom.pl/oferta/3pokoje-jasna-kuchnia-po-remoncie-prokocim-ID44Mtg.html#310b8f369d;2020-02-22 11:49:33.254785;1.0;4.0;1980.0;Prokocimia;Kraków , Bieżanów-Prokocim, Prokocimia;Prokocim, Bieżanów-Prokocim, Kraków, województwo małopolskie, Polska;(50.0226748, 19.9921741, 0.0);50.0226748;19.9921741;0.0;POINT (571050.8213306962 239960.2205082783);5756;2781.79056032387;466.97444223519176;8657.0;315.74566188721485
119;Wiślane Tarasy 2.0 - nowy ekskluzywny apartament;Kraków , Grzegórzki;2 pokoje;970000.0;53.57;18107.0;https://www.otodom.pl/oferta/wislane-tarasy-2-0-nowy-ekskluzywny-apartament-ID441jI.html#310b8f369d;2020-02-22 11:49:38.288926;6.0;10.0;2019.0;Wiślana;Kraków , Grzegórzki, Wiślana;Mierzeja Wiślana, Mały Płaszów, Podgórze, Kraków, województwo małopolskie, 30-716, Polska;(50.038134, 20.0042085, 0.0);50.038134;20.0042085;0.0;POINT (571889.5218590654 241689.9986086423);5368;859.5381344545566;289.27065938745534;18107.0;459.4181209575066
120;Angel City ul. Pawia / ul. Szlak 2 pokoje;Kraków , Stare Miasto;2 pokoje;700000.0;59.0;11864.0;https://www.otodom.pl/oferta/angel-city-ul-pawia-ul-szlak-2-pokoje-ID44Dgp.html#2cbfc0dffb;2020-02-22 11:49:44.991314;1.0;5.0;2009.0;Pawia;Kraków , Stare Miasto, Pawia;Pawia, Kleparz, Stare Miasto, Kraków, województwo małopolskie, 31-154, Polska;(50.0691779, 19.9451093, 0.0);50.0691779;19.9451093;0.0;POINT (567615.1434787014 245085.3479808709);1041;1859.0200893588105;151.57613678053943;11864.0;150.0395841088334
122;Mieszkanie Prokocim Nowy, Teligi, 57m2, 4 pokoje,;Kraków , Bieżanów-Prokocim, Prokocim;4 pokoje;380000.0;57.0;6667.0;https://www.otodom.pl/oferta/mieszkanie-prokocim-nowy-teligi-57m2-4-pokoje-ID44xzm.html#2cbfc0dffb;2020-02-22 11:49:51.086345;4.0;4.0;1975.0;Prokocimia;Kraków , Bieżanów-Prokocim, Prokocim, Prokocimia;Prokocim, Bieżanów-Prokocim, Kraków, województwo małopolskie, Polska;(50.0226748, 19.9921741, 0.0);50.0226748;19.9921741;0.0;POINT (571050.8213306962 239960.2205082783);5756;2781.79056032387;466.97444223519176;6667.0;315.74566188721485
123;ul. Mazowiecka- 4 pokoje na 1 piętrze;Kraków , Krowodrza, Łobzów;4 pokoje;780000.0;72.65;10736.0;https://www.otodom.pl/oferta/ul-mazowiecka-4-pokoje-na-1-pietrze-ID44Mn6.html#2cbfc0dffb;2020-02-22 11:49:53.023590;1.0;4.0;1982.0;Mazowiecka;Kraków , Krowodrza, Łobzów, Mazowiecka;Mazowiecka, Aleja Kijowska, Łobzów, Krowodrza, Kraków, województwo małopolskie, 30-079, Polska;(50.0785512, 19.9181862, 0.0);50.0785512;19.9181862;0.0;POINT (565676.2317667737 246103.1732139746);2410;2740.2964422964237;646.6445113630214;10736.0;169.17683791302588
124;Krowodrza, Bronowice , 3 Pokoje, Jasna Kuchnia, Su;Kraków , Bronowice, Bronowice Małe;3 pokoje;520000.0;55.0;9455.0;https://www.otodom.pl/oferta/krowodrza-bronowice-3-pokoje-jasna-kuchnia-su-ID44MkC.html#2cbfc0dffb;2020-02-22 11:49:58.514872;8.0;10.0;1980.0;Bronowicka;Kraków , Bronowice, Bronowice Małe, Bronowicka;Bronowicka, Bronowice Małe, Bronowice, Delegatura Kraków-Krowodrza, Kraków, województwo małopolskie, 30-139, Polska;(50.0816928, 19.8902943, 0.0);50.0816928;19.8902943;0.0;POINT (563677.0404730459 246428.2142655198);4109;3628.7834268830347;58.950915358767816;9455.0;525.168656991312
125;Kazimierz | 73 m2 | 3 pokoje | Widok na Kazimierz;Kraków , Stare Miasto, Kazimierz;3 pokoje;1850000.0;73.0;25342.0;https://www.otodom.pl/oferta/kazimierz-73-m2-3-pokoje-widok-na-kazimierz-ID44Miv.html#2cbfc0dffb;2020-02-22 11:50:02.963221;3.0;4.0;1911.0;Kazimierza;Kraków , Stare Miasto, Kazimierz, Kazimierza;Apartamenty Sekret Kazimierza, 34, Józefa, Kazimierz, Stare Miasto, Kraków, województwo małopolskie, 31-056, Polska;(50.0512307, 19.9469375, 0.0);50.0512307;19.9469375;0.0;POINT (567771.2149040747 243092.1779909022);1260;395.91643450410254;147.83821203222706;25342.0;247.46828570706563
126;Kobierzyńska, Ruczaj, 73m2, 3-pok. oferta prywatna;Kraków , Dębniki;3 pokoje;521000.0;73.0;7137.0;https://www.otodom.pl/oferta/kobierzynska-ruczaj-73m2-3-pok-oferta-prywatna-ID43Kax.html#d3fc194328;2020-02-22 11:50:20.267595;3.0;3.0;2006.0;Kobierzyńska;Kraków , Dębniki, Kobierzyńska;Kobierzyńska, Zakrzówek, Łagiewniki-Borek Fałęcki, Delegatura Kraków-Podgórze, Kraków, województwo małopolskie, 30-349, Polska;(50.0322925, 19.9211953, 0.0);50.0322925;19.9211953;0.0;POINT (565954.8473917976 240964.1794368792);3410;1713.6062441641106;76.19035537810583;7137.0;360.75081206744966
127;Wola Justowska- Morelowa;Kraków , Zwierzyniec, Wola Justowska;3 pokoje;790000.0;68.5;11533.0;https://www.otodom.pl/oferta/wola-justowska-morelowa-ID44MfW.html#d3fc194328;2020-02-22 11:50:23.120957;0.0;3.0;2000.0;Morelowa;Kraków , Zwierzyniec, Wola Justowska, Morelowa;Morelowa, Wola Justowska - Chełm, Bronowice, Delegatura Kraków-Krowodrza, Kraków, województwo małopolskie, 30-222, Polska;(50.0697051, 19.8691042, 0.0);50.0697051;19.8691042;0.0;POINT (562176.9703476729 245077.928135951);5012;2817.84791983181;1628.2672575275833;11533.0;391.2681668479175
128;Płaszów, 2 pokoje, balkon;Kraków , Podgórze, Płaszów;2 pokoje;419999.0;42.25;9941.0;https://www.otodom.pl/oferta/plaszow-2-pokoje-balkon-ID44MeH.html#d3fc194328;2020-02-22 11:50:26.171810;4.0;5.0;2001.0;Płaszów;Kraków , Podgórze, Płaszów, Płaszów;Kraków Płaszów, Peron 2 - modernizacja, Płaszów, Podgórze, Kraków, województwo małopolskie, 30-902, Polska;(50.0345327, 19.9754459, 0.0);50.0345327;19.9754459;0.0;POINT (569835.7166101226 241262.450246132);3976;1929.7407419703036;161.26094241811987;9941.0;812.8757213587779
129;Apartament Sosnowiecka wykończony;Kraków , Bronowice;1 pokój;362000.0;33.16;10917.0;https://www.otodom.pl/oferta/apartament-sosnowiecka-wykonczony-ID44BSK.html#d3fc194328;2020-02-22 11:50:29.290500;2.0;3.0;2016.0;Sosnowiecka;Kraków , Bronowice, Sosnowiecka;Sosnowiecka, Bronowice Wielkie, Bronowice, Delegatura Kraków-Krowodrza, Kraków, województwo małopolskie, 31-345, Polska;(50.092531, 19.8931526, 0.0);50.092531;19.8931526;0.0;POINT (563867.0684092317 247635.3261533063);4747;4707.681125271874;1266.1470601348715;10917.0;483.50074575577275
130;Sprzedam mieszkanie bezpośrednio- 46m - Rydlówka29;Kraków , Podgórze;3 pokoje;552000.0;46.0;12000.0;https://www.otodom.pl/oferta/sprzedam-mieszkanie-bezposrednio-46m-rydlowka29-ID44xjk.html#d3fc194328;2020-02-22 11:50:30.239364;2.0;4.0;2017.0;Rydlówka;Kraków , Podgórze, Rydlówka;Rydlówka, Mateczny, Podgórze, Delegatura Kraków-Podgórze, Kraków, województwo małopolskie, 30-415, Polska;(50.0352782, 19.9349524, 0.0);50.0352782;19.9349524;0.0;POINT (566935.6490624668 241308.2663329504);2868;1078.1510350370095;324.46145984695704;12000.0;365.23482300095867
131;NOWE**ZAM**Kraków ul.Rydlówka Podgórze*OKAZJA!;Kraków , Podgórze;2 pokoje;535000.0;51.0;10490.0;https://www.otodom.pl/oferta/nowezamkrakow-ul-rydlowka-podgorzeokazja-ID4444w.html#d3fc194328;2020-02-22 11:50:35.766121;2.0;5.0;2020.0;Rydlówka;Kraków , Podgórze, Rydlówka;Rydlówka, Mateczny, Podgórze, Delegatura Kraków-Podgórze, Kraków, województwo małopolskie, 30-415, Polska;(50.0352782, 19.9349524, 0.0);50.0352782;19.9349524;0.0;POINT (566935.6490624668 241308.2663329504);2868;1078.1510350370095;324.46145984695704;10490.0;365.23482300095867
132;Mieszkanie 73m2 s.deweloperski Bonarka ul.W.Sławka;Kraków , Podgórze, Bonarka;5 pokoi;560000.0;73.0;7671.0;https://www.otodom.pl/oferta/mieszkanie-73m2-s-deweloperski-bonarka-ul-w-slawka-ID4420b.html#d3fc194328;2020-02-22 11:50:44.098201;9.0;10.0;1987.0;Bonarka;Kraków , Podgórze, Bonarka, Bonarka;Bonarka, Bonarka City Center, Podgórze, Delegatura Kraków-Podgórze, Kraków, województwo małopolskie, Polska;(50.02881094999999, 19.953975973958336, 0.0);50.02881094999999;19.953975973958336;0.0;POINT (568306.7476097146 240606.6451572897);3757;1891.3367690277382;1206.9615241222787;7671.0;314.8482752086912
133;Mieszkanie Kraków Biały Prądnik - zarezerowane;Kraków , Prądnik Biały;3 pokoje;395000.0;62.5;6320.0;https://www.otodom.pl/oferta/mieszkanie-krakow-bialy-pradnik-zarezerowane-ID44x92.html#d3fc194328;2020-02-22 11:50:49.773829;3.0;4.0;1979.0;Prądnicka;Kraków , Prądnik Biały, Prądnicka;Prądnicka, Prądnik Biały, Kraków, województwo małopolskie, 31-202, Polska;(50.0875229, 19.9385333, 0.0);50.0875229;19.9385333;0.0;POINT (567119.0717439586 247118.4659837764);2949;3655.939797525753;473.4070765417071;6320.0;310.36166379018505
134;Mieszkanie 2-pok z garażem - Solvay Park;Kraków , Łagiewniki-Borek Fałęcki;2 pokoje;400000.0;54.0;7407.0;https://www.otodom.pl/oferta/mieszkanie-2-pok-z-garazem-solvay-park-ID44BGd.html#d3fc194328;2020-02-22 11:50:51.110809;2.0;5.0;1962.0;Solvaya;Kraków , Łagiewniki-Borek Fałęcki, Solvaya;Ernesta Solvaya, Osiedle Polana Żywiecka, Łagiewniki-Borek Fałęcki, Kraków, województwo małopolskie, 30-427, Polska;(50.0141253, 19.9116839, 0.0);50.0141253;19.9116839;0.0;POINT (565298.4931948668 238936.5609450648);5541;2886.650848338551;1070.3171668332243;7407.0;613.7387015644606
135;3 pokoje, zielona część Bronowic Gotowe;Kraków , Prądnik Biały, Bronowice Wielkie;3 pokoje;396000.0;57.0;6947.0;https://www.otodom.pl/oferta/3-pokoje-zielona-czesc-bronowic-gotowe-ID44oHY.html#20cabf8902;2020-02-22 11:51:05.047860;2.0;4.0;2019.0;Dzielna;Kraków , Prądnik Biały, Bronowice Wielkie, Dzielna;Dzielna, Bronowice Wielkie, Bronowice, Delegatura Kraków-Krowodrza, Kraków, województwo małopolskie, 31-346, Polska;(50.0985888, 19.8879762, 0.0);50.0985888;19.8879762;0.0;POINT (563488.9167097276 248304.2412467012);5496;5456.637741617578;1871.9352129974397;6947.0;853.1484614562669
136;3 pok. z ogrodem w zielonej części Bronowic;Kraków , Bronowice;4 pokoje;457000.0;66.39;6884.0;https://www.otodom.pl/oferta/3-pok-z-ogrodem-w-zielonej-czesci-bronowic-ID44oI3.html#20cabf8902;2020-02-22 11:51:05.832897;0.0;3.0;2019.0;Bronowicka;Kraków , Bronowice, Bronowicka;Bronowicka, Stara Krowodrza, Bronowice, Delegatura Kraków-Krowodrza, Kraków, województwo małopolskie, 30-084, Polska;(50.0769526, 19.9030181, 0.0);50.0769526;19.9030181;0.0;POINT (564593.4482024474 245912.2633061446);3063;2862.8240075751514;45.054185850109505;6884.0;311.3351861175156
137;Gotowe 3 pokoje, zielona część Bronowic;Kraków , Prądnik Biały, Bronowice Wielkie;3 pokoje;396000.0;57.0;6947.0;https://www.otodom.pl/oferta/gotowe-3-pokoje-zielona-czesc-bronowic-ID44Adp.html#20cabf8902;2020-02-22 11:51:07.831649;2.0;4.0;2019.0;Dzielna;Kraków , Prądnik Biały, Bronowice Wielkie, Dzielna;Dzielna, Bronowice Wielkie, Bronowice, Delegatura Kraków-Krowodrza, Kraków, województwo małopolskie, 31-346, Polska;(50.0985888, 19.8879762, 0.0);50.0985888;19.8879762;0.0;POINT (563488.9167097276 248304.2412467012);5496;5456.637741617578;1871.9352129974397;6947.0;853.1484614562669
138;Nowoczesne,4-pokojowe mieszkanie, Kazinierz;Kraków , Stare Miasto, Kazimierz;4 pokoje;1400000.0;103.0;13592.0;https://www.otodom.pl/oferta/nowoczesne-4-pokojowe-mieszkanie-kazinierz-ID44LZr.html#20cabf8902;2020-02-22 11:51:14.478207;1.0;4.0;2005.0;Kazimierza;Kraków , Stare Miasto, Kazimierz, Kazimierza;Apartamenty Sekret Kazimierza, 34, Józefa, Kazimierz, Stare Miasto, Kraków, województwo małopolskie, 31-056, Polska;(50.0512307, 19.9469375, 0.0);50.0512307;19.9469375;0.0;POINT (567771.2149040747 243092.1779909022);1260;395.91643450410254;147.83821203222706;13592.0;247.46828570706563
139;Krowodrza Górka~3 niezależne pokoje~2 min do MPK;Kraków , Krowodrza;3 pokoje;465000.0;52.0;8942.0;https://www.otodom.pl/oferta/krowodrza-gorka3-niezalezne-pokoje2-min-do-mpk-ID44qDx.html#20cabf8902;2020-02-22 11:51:27.229041;4.0;4.0;1990.0;Górka;Kraków , Krowodrza, Górka;Witkowice-Górka Narodowa Wschód, Prądnik Biały, Kraków, województwo małopolskie, 31-241, Polska;(50.1021918, 19.9704174, 0.0);50.1021918;19.9704174;0.0;POINT (569378.0351862429 248778.055254166);5131;4800.2411009899215;2010.1841349916185;8942.0;728.4092498027561
140;Nowe 3 pokojowe mieszkanie - zielone Mistrzejowice;Kraków , Mistrzejowice;3 pokoje;472464.0;66.54;7100.0;https://www.otodom.pl/oferta/nowe-3-pokojowe-mieszkanie-zielone-mistrzejowice-ID44LSf.html#414bc0acc3;2020-02-22 11:51:40.291834;1.0;9.0;2020.0;Mistrzejowicka;Kraków , Mistrzejowice, Mistrzejowicka;Mistrzejowicka, Mistrzejowice, Kraków, województwo małopolskie, 31-651, Polska;(50.0969093, 20.0259479, 0.0);50.0969093;20.0259479;0.0;POINT (573356.0700843487 248243.9720702069);7438;4280.712082680311;825.2769236886228;7100.0;601.4192832240795
141;Prądnik Biały - 55m2, mieszkanie 3-pokojowe, 2014r;Kraków , Prądnik Biały;3 pokoje;600000.0;55.4;10830.0;https://www.otodom.pl/oferta/pradnik-bialy-55m2-mieszkanie-3-pokojowe-2014r-ID44LQv.html#414bc0acc3;2020-02-22 11:51:41.431353;7.0;8.0;2014.0;Prądnicka;Kraków , Prądnik Biały, Prądnicka;Prądnicka, Prądnik Biały, Kraków, województwo małopolskie, 31-202, Polska;(50.0875229, 19.9385333, 0.0);50.0875229;19.9385333;0.0;POINT (567119.0717439586 247118.4659837764);2949;3655.939797525753;473.4070765417071;10830.0;310.36166379018505
142;Dwupokojowe mieszkanie, 40 m2, Janickiego;Kraków , Prądnik Czerwony;2 pokoje;480000.0;40.0;12000.0;https://www.otodom.pl/oferta/dwupokojowe-mieszkanie-40-m2-janickiego-ID44LQg.html#414bc0acc3;2020-02-22 11:51:43.483524;3.0;10.0;2010.0;Janickiego;Kraków , Prądnik Czerwony, Janickiego;Klemensa Janickiego, Wieczysta, Prądnik Czerwony, Kraków, województwo małopolskie, 31-443, Polska;(50.0738469, 19.9819686, 0.0);50.0738469;19.9819686;0.0;POINT (570245.2712561991 245638.3141783681);3448;1544.5517976930987;265.89521768745976;12000.0;275.7052792354502
143;Trzypokojowe mieszkanie, 74m2, Strzelców;Kraków , Prądnik Czerwony;3 pokoje;620000.0;74.0;8378.0;https://www.otodom.pl/oferta/trzypokojowe-mieszkanie-74m2-strzelcow-ID44LPS.html#414bc0acc3;2020-02-22 11:51:44.431561;9.0;14.0;2008.0;Strzelców;Kraków , Prądnik Czerwony, Strzelców;Strzelców, Prądnik Czerwony, Kraków, województwo małopolskie, 31-422, Polska;(50.0979826, 19.9729477, 0.0);50.0979826;19.9729477;0.0;POINT (569565.0263112308 248312.5551964771);4809;4303.379504634361;1703.4370855455195;8378.0;296.2748748897414
144;Kraków, Bronowice, ul. Gabrieli Zapolskiej;Kraków , Bronowice;2 pokoje;579000.0;63.0;9190.0;https://www.otodom.pl/oferta/krakow-bronowice-ul-gabrieli-zapolskiej-ID44LPN.html#414bc0acc3;2020-02-22 11:51:45.371046;6.0;10.0;1998.0;Zapolskiej;Kraków , Bronowice, Zapolskiej;Gabrieli Zapolskiej, Bronowice, Delegatura Kraków-Krowodrza, Kraków, województwo małopolskie, 30-126, Polska;(50.0804435, 19.8928983, 0.0);50.0804435;19.8928983;0.0;POINT (563864.9450700149 246291.5770645691);3878;3431.3669922094427;250.5205785610523;9190.0;458.65503814081217
145;Apartamenty| Borek Fałęcki |3 Pok | Eng;Kraków , Łagiewniki-Borek Fałęcki, Borek Fałęcki;3 pokoje;400324.0;48.29;8290.0;https://www.otodom.pl/oferta/apartamenty-borek-falecki-3-pok-eng-ID44LPM.html#414bc0acc3;2020-02-22 11:51:46.368873;3.0;3.0;2021.0;Fałęcka;Kraków , Łagiewniki-Borek Fałęcki, Borek Fałęcki, Fałęcka;Fałęcka, Kliny Zacisze, Łagiewniki-Borek Fałęcki, Delegatura Kraków-Podgórze, Kraków, województwo małopolskie, 30-441, Polska;(50.0046277, 19.909446, 0.0);50.0046277;19.909446;0.0;POINT (565151.0468464538 237878.9606300257);6592;3850.6463814443673;1550.2947609951373;8290.0;158.83979871200935
146;Apartamenty| Borek Fałęcki |2 Pok | Eng;Kraków , Łagiewniki-Borek Fałęcki, Borek Fałęcki;2 pokoje;277402.0;35.61;7790.0;https://www.otodom.pl/oferta/apartamenty-borek-falecki-2-pok-eng-ID44LPH.html#414bc0acc3;2020-02-22 11:51:47.679943;1.0;3.0;2021.0;Fałęcka;Kraków , Łagiewniki-Borek Fałęcki, Borek Fałęcki, Fałęcka;Fałęcka, Kliny Zacisze, Łagiewniki-Borek Fałęcki, Delegatura Kraków-Podgórze, Kraków, województwo małopolskie, 30-441, Polska;(50.0046277, 19.909446, 0.0);50.0046277;19.909446;0.0;POINT (565151.0468464538 237878.9606300257);6592;3850.6463814443673;1550.2947609951373;7790.0;158.83979871200935
147;Prądnik Biały - 4 pokoje, osobna jasna kuchnia;Kraków , Prądnik Biały;4 pokoje;519000.0;70.5;7362.0;https://www.otodom.pl/oferta/pradnik-bialy-4-pokoje-osobna-jasna-kuchnia-ID44tzK.html#414bc0acc3;2020-02-22 11:51:51.470955;4.0;4.0;1981.0;Prądnicka;Kraków , Prądnik Biały, Prądnicka;Prądnicka, Prądnik Biały, Kraków, województwo małopolskie, 31-202, Polska;(50.0875229, 19.9385333, 0.0);50.0875229;19.9385333;0.0;POINT (567119.0717439586 247118.4659837764);2949;3655.939797525753;473.4070765417071;7362.0;310.36166379018505
148;Stare Miasto - Retoryka - idealne na inwestycje;Kraków , Stare Miasto;1 pokój;369000.0;26.64;13851.0;https://www.otodom.pl/oferta/stare-miasto-retoryka-idealne-na-inwestycje-ID3NZ3u.html#414bc0acc3;2020-02-22 11:51:54.148121;5.0;5.0;1930.0;Retoryka;Kraków , Stare Miasto, Retoryka;Retoryka, Nowy Świat, Stare Miasto, Kraków, województwo małopolskie, 31-100, Polska;(50.0580096, 19.9284227, 0.0);50.0580096;19.9284227;0.0;POINT (566436.7914722664 243829.0247966191);760;345.10298402544396;260.7409429195169;13851.0;3.4588379079115223
149;Bronowice Małe - 4 pokoje - biuro sprzedaży!;Kraków , Bronowice, Bronowice Małe;4 pokoje;732748.0;99.02;7400.0;https://www.otodom.pl/oferta/bronowice-male-4-pokoje-biuro-sprzedazy-ID3NZ40.html#414bc0acc3;2020-02-22 11:51:55.227729;1.0;2.0;2017.0;Bronowicka;Kraków , Bronowice, Bronowice Małe, Bronowicka;Bronowicka, Bronowice Małe, Bronowice, Delegatura Kraków-Krowodrza, Kraków, województwo małopolskie, 30-139, Polska;(50.0816928, 19.8902943, 0.0);50.0816928;19.8902943;0.0;POINT (563677.0404730459 246428.2142655198);4109;3628.7834268830347;58.950915358767816;7400.0;525.168656991312
150;Bieżanów - ul. Działkowa, 3 pokoje;Kraków , Bieżanów-Prokocim, Bieżanów;3 pokoje;377483.0;51.71;7300.0;https://www.otodom.pl/oferta/biezanow-ul-dzialkowa-3-pokoje-ID43CWl.html#414bc0acc3;2020-02-22 11:51:56.489300;2.0;2.0;2020.0;Działkowa;Kraków , Bieżanów-Prokocim, Bieżanów, Działkowa;Działkowa, Nowy Bieżanów, Bieżanów-Prokocim, Kraków, województwo małopolskie, 30-854, Polska;(50.0220962, 20.0174934, 0.0);50.0220962;20.0174934;0.0;POINT (572864.8105122502 239920.2790303715);7137;2500.860434551267;678.1003220770675;7300.0;362.9602503603636
151;Grzegórzki - Bobrowskiego, idealne pod wynajem!;Kraków , Grzegórzki;2 pokoje;499000.0;43.84;11382.0;https://www.otodom.pl/oferta/grzegorzki-bobrowskiego-idealne-pod-wynajem-ID44ksD.html#414bc0acc3;2020-02-22 11:51:58.413837;1.0;5.0;1929.0;Grzegórzecka;Kraków , Grzegórzki, Grzegórzecka;Grzegórzecka, Wesoła, Grzegórzki, Kraków, województwo małopolskie, 31532, Polska;(50.0587885, 19.9500605, 0.0);50.0587885;19.9500605;0.0;POINT (567984.0407130375 243935.0611747131);895;906.0267231747379;85.62686523419335;11382.0;17.520544293030234
152;Apartamenty| Bronowice |3 Pok | Eng;Kraków , Bronowice;3 pokoje;406351.0;58.3;6970.0;https://www.otodom.pl/oferta/apartamenty-bronowice-3-pok-eng-ID44LNA.html#414bc0acc3;2020-02-22 11:52:01.778774;2.0;4.0;2019.0;Bronowicka;Kraków , Bronowice, Bronowicka;Bronowicka, Stara Krowodrza, Bronowice, Delegatura Kraków-Krowodrza, Kraków, województwo małopolskie, 30-084, Polska;(50.0769526, 19.9030181, 0.0);50.0769526;19.9030181;0.0;POINT (564593.4482024474 245912.2633061446);3063;2862.8240075751514;45.054185850109505;6970.0;311.3351861175156
153;Kawalerka Bieńczyce;Kraków , Bieńczyce;1 pokój;242000.0;25.0;9680.0;https://www.otodom.pl/oferta/kawalerka-bienczyce-ID44LM3.html#414bc0acc3;2020-02-22 11:52:04.506674;4.0;4.0;1980.0;Bieńczycka;Kraków , Bieńczyce, Bieńczycka;Bieńczycka, Osiedle Drugiego Pułku Lotniczego, Bieńczyce, Delegatura Kraków-Nowa Huta, Kraków, województwo małopolskie, 31-944, Polska;(50.0786883, 20.0258597, 0.0);50.0786883;20.0258597;0.0;POINT (573377.5804436035 246218.6255630124);6572;2276.124667493077;60.449609616300336;9680.0;118.74377868942673
